mouse_id,G10,G11,G6,G7,G8,G9
JAC_DO.0001,0,0,0,1,0,0
JAC_DO.0002,0,0,0,1,0,0
JAC_DO.0003,0,0,0,1,0,0
JAC_DO.0004,0,0,0,1,0,0
JAC_DO.0005,0,0,0,1,0,0
JAC_DO.0006,0,0,0,1,0,0
JAC_DO.0007,0,0,0,1,0,0
JAC_DO.0008,0,0,0,1,0,0
JAC_DO.0009,0,0,0,1,0,0
JAC_DO.0010,0,0,0,1,0,0
JAC_DO.0012,0,0,0,1,0,0
JAC_DO.0013,0,0,0,1,0,0
JAC_DO.0015,0,0,0,1,0,0
JAC_DO.0016,0,0,0,1,0,0
JAC_DO.0017,0,0,0,1,0,0
JAC_DO.0018,0,0,0,1,0,0
JAC_DO.0020,0,0,0,1,0,0
JAC_DO.0021,0,0,0,1,0,0
JAC_DO.0022,0,0,0,1,0,0
JAC_DO.0023,0,0,0,1,0,0
JAC_DO.0024,0,0,0,1,0,0
JAC_DO.0025,0,0,0,1,0,0
JAC_DO.0026,0,0,0,1,0,0
JAC_DO.0027,0,0,0,1,0,0
JAC_DO.0028,0,0,0,1,0,0
JAC_DO.0029,0,0,0,1,0,0
JAC_DO.0030,0,0,0,1,0,0
JAC_DO.0031,0,0,0,1,0,0
JAC_DO.0032,0,0,0,1,0,0
JAC_DO.0033,0,0,0,1,0,0
JAC_DO.0034,0,0,0,1,0,0
JAC_DO.0035,0,0,0,1,0,0
JAC_DO.0037,0,0,0,1,0,0
JAC_DO.0038,0,0,0,1,0,0
JAC_DO.0039,0,0,0,1,0,0
JAC_DO.0041,0,0,0,1,0,0
JAC_DO.0042,0,0,0,1,0,0
JAC_DO.0044,0,0,0,1,0,0
JAC_DO.0045,0,0,0,1,0,0
JAC_DO.0047,0,0,0,1,0,0
JAC_DO.0049,0,0,0,1,0,0
JAC_DO.0050,0,0,0,1,0,0
JAC_DO.0051,0,0,0,1,0,0
JAC_DO.0052,0,0,0,1,0,0
JAC_DO.0053,0,0,0,1,0,0
JAC_DO.0054,0,0,0,1,0,0
JAC_DO.0055,0,0,0,1,0,0
JAC_DO.0056,0,0,0,1,0,0
JAC_DO.0057,0,0,0,1,0,0
JAC_DO.0058,0,0,0,1,0,0
JAC_DO.0059,0,0,0,1,0,0
JAC_DO.0060,0,0,0,1,0,0
JAC_DO.0061,0,0,0,0,1,0
JAC_DO.0064,0,0,0,0,1,0
JAC_DO.0065,0,0,0,0,1,0
JAC_DO.0067,0,0,0,0,1,0
JAC_DO.0070,0,0,0,0,1,0
JAC_DO.0071,0,0,0,0,1,0
JAC_DO.0073,0,0,0,0,1,0
JAC_DO.0074,0,0,0,0,1,0
JAC_DO.0075,0,0,0,0,1,0
JAC_DO.0076,0,0,0,0,1,0
JAC_DO.0077,0,0,0,0,1,0
JAC_DO.0078,0,0,0,0,1,0
JAC_DO.0079,0,0,0,0,1,0
JAC_DO.0080,0,0,0,0,1,0
JAC_DO.0081,0,0,0,0,1,0
JAC_DO.0082,0,0,0,0,1,0
JAC_DO.0083,0,0,0,0,1,0
JAC_DO.0084,0,0,0,0,1,0
JAC_DO.0085,0,0,0,0,1,0
JAC_DO.0087,0,0,0,0,1,0
JAC_DO.0088,0,0,0,0,1,0
JAC_DO.0090,0,0,0,0,1,0
JAC_DO.0092,0,0,0,0,1,0
JAC_DO.0093,0,0,0,0,1,0
JAC_DO.0094,0,0,0,0,1,0
JAC_DO.0095,0,0,0,0,1,0
JAC_DO.0096,0,0,0,0,1,0
JAC_DO.0097,0,0,0,0,1,0
JAC_DO.0098,0,0,0,0,1,0
JAC_DO.0099,0,0,0,0,1,0
JAC_DO.0100,0,0,0,0,1,0
JAC_DO.0101,0,0,0,0,1,0
JAC_DO.0102,0,0,0,0,1,0
JAC_DO.0103,0,0,0,0,1,0
JAC_DO.0104,0,0,0,0,1,0
JAC_DO.0105,0,0,0,0,1,0
JAC_DO.0106,0,0,0,0,1,0
JAC_DO.0107,0,0,0,0,1,0
JAC_DO.0108,0,0,0,0,1,0
JAC_DO.0109,0,0,0,0,1,0
JAC_DO.0110,0,0,0,0,1,0
JAC_DO.0111,0,0,0,0,1,0
JAC_DO.0112,0,0,0,0,1,0
JAC_DO.0113,0,0,0,0,1,0
JAC_DO.0115,0,0,0,0,1,0
JAC_DO.0116,0,0,0,0,1,0
JAC_DO.0118,0,0,0,0,1,0
JAC_DO.0119,0,0,0,0,1,0
JAC_DO.0120,0,0,0,0,1,0
JAC_DO.0121,0,0,0,0,0,1
JAC_DO.0122,0,0,0,0,0,1
JAC_DO.0123,0,0,0,0,0,1
JAC_DO.0124,0,0,0,0,0,1
JAC_DO.0125,0,0,0,0,0,1
JAC_DO.0126,0,0,0,0,0,1
JAC_DO.0127,0,0,0,0,0,1
JAC_DO.0128,0,0,0,0,0,1
JAC_DO.0129,0,0,0,0,0,1
JAC_DO.0130,0,0,0,0,0,1
JAC_DO.0132,0,0,0,0,0,1
JAC_DO.0133,0,0,0,0,0,1
JAC_DO.0134,0,0,0,0,0,1
JAC_DO.0137,0,0,0,0,0,1
JAC_DO.0138,0,0,0,0,0,1
JAC_DO.0139,0,0,0,0,0,1
JAC_DO.0140,0,0,0,0,0,1
JAC_DO.0141,0,0,0,0,0,1
JAC_DO.0142,0,0,0,0,0,1
JAC_DO.0144,0,0,0,0,0,1
JAC_DO.0145,0,0,0,0,0,1
JAC_DO.0146,0,0,0,0,0,1
JAC_DO.0147,0,0,0,0,0,1
JAC_DO.0148,0,0,0,0,0,1
JAC_DO.0149,0,0,0,0,0,1
JAC_DO.0150,0,0,0,0,0,1
JAC_DO.0151,0,0,0,0,0,1
JAC_DO.0152,0,0,0,0,0,1
JAC_DO.0153,0,0,0,0,0,1
JAC_DO.0154,0,0,0,0,0,1
JAC_DO.0155,0,0,0,0,0,1
JAC_DO.0156,0,0,0,0,0,1
JAC_DO.0157,0,0,0,0,0,1
JAC_DO.0158,0,0,0,0,0,1
JAC_DO.0159,0,0,0,0,0,1
JAC_DO.0161,0,0,0,0,0,1
JAC_DO.0162,0,0,0,0,0,1
JAC_DO.0163,0,0,0,0,0,1
JAC_DO.0164,0,0,0,0,0,1
JAC_DO.0165,0,0,0,0,0,1
JAC_DO.0166,0,0,0,0,0,1
JAC_DO.0167,0,0,0,0,0,1
JAC_DO.0168,0,0,0,0,0,1
JAC_DO.0169,0,0,0,0,0,1
JAC_DO.0170,0,0,0,0,0,1
JAC_DO.0171,0,0,0,0,0,1
JAC_DO.0172,0,0,0,0,0,1
JAC_DO.0174,0,0,0,0,0,1
JAC_DO.0176,0,0,0,0,0,1
JAC_DO.0177,0,0,0,0,0,1
JAC_DO.0178,0,0,0,0,0,1
JAC_DO.0179,0,0,0,0,0,1
JAC_DO.0180,0,0,0,0,0,1
JAC_DO.0181,1,0,0,0,0,0
JAC_DO.0183,1,0,0,0,0,0
JAC_DO.0184,1,0,0,0,0,0
JAC_DO.0185,1,0,0,0,0,0
JAC_DO.0186,1,0,0,0,0,0
JAC_DO.0189,1,0,0,0,0,0
JAC_DO.0190,1,0,0,0,0,0
JAC_DO.0191,1,0,0,0,0,0
JAC_DO.0193,1,0,0,0,0,0
JAC_DO.0194,1,0,0,0,0,0
JAC_DO.0195,1,0,0,0,0,0
JAC_DO.0196,1,0,0,0,0,0
JAC_DO.0197,1,0,0,0,0,0
JAC_DO.0201,1,0,0,0,0,0
JAC_DO.0202,1,0,0,0,0,0
JAC_DO.0203,1,0,0,0,0,0
JAC_DO.0204,1,0,0,0,0,0
JAC_DO.0205,1,0,0,0,0,0
JAC_DO.0206,1,0,0,0,0,0
JAC_DO.0209,1,0,0,0,0,0
JAC_DO.0210,1,0,0,0,0,0
JAC_DO.0211,1,0,0,0,0,0
JAC_DO.0212,1,0,0,0,0,0
JAC_DO.0213,1,0,0,0,0,0
JAC_DO.0215,1,0,0,0,0,0
JAC_DO.0216,1,0,0,0,0,0
JAC_DO.0223,1,0,0,0,0,0
JAC_DO.0225,1,0,0,0,0,0
JAC_DO.0226,1,0,0,0,0,0
JAC_DO.0227,1,0,0,0,0,0
JAC_DO.0228,1,0,0,0,0,0
JAC_DO.0230,1,0,0,0,0,0
JAC_DO.0231,1,0,0,0,0,0
JAC_DO.0232,1,0,0,0,0,0
JAC_DO.0233,1,0,0,0,0,0
JAC_DO.0234,1,0,0,0,0,0
JAC_DO.0235,1,0,0,0,0,0
JAC_DO.0240,1,0,0,0,0,0
JAC_DO.0241,0,0,0,1,0,0
JAC_DO.0242,0,0,0,1,0,0
JAC_DO.0243,0,0,0,1,0,0
JAC_DO.0244,0,0,0,1,0,0
JAC_DO.0245,0,0,0,1,0,0
JAC_DO.0246,0,0,0,1,0,0
JAC_DO.0247,0,0,0,1,0,0
JAC_DO.0249,0,0,0,1,0,0
JAC_DO.0250,0,0,0,1,0,0
JAC_DO.0251,0,0,0,1,0,0
JAC_DO.0252,0,0,0,1,0,0
JAC_DO.0253,0,0,0,1,0,0
JAC_DO.0254,0,0,0,1,0,0
JAC_DO.0255,0,0,0,1,0,0
JAC_DO.0256,0,0,0,1,0,0
JAC_DO.0257,0,0,0,1,0,0
JAC_DO.0258,0,0,0,1,0,0
JAC_DO.0260,0,0,0,1,0,0
JAC_DO.0261,0,0,0,1,0,0
JAC_DO.0262,0,0,0,1,0,0
JAC_DO.0263,0,0,0,1,0,0
JAC_DO.0264,0,0,0,1,0,0
JAC_DO.0265,0,0,0,1,0,0
JAC_DO.0266,0,0,0,1,0,0
JAC_DO.0268,0,0,0,1,0,0
JAC_DO.0269,0,0,0,1,0,0
JAC_DO.0270,0,0,0,1,0,0
JAC_DO.0271,0,0,0,1,0,0
JAC_DO.0272,0,0,0,1,0,0
JAC_DO.0273,0,0,0,1,0,0
JAC_DO.0274,0,0,0,1,0,0
JAC_DO.0275,0,0,0,1,0,0
JAC_DO.0276,0,0,0,1,0,0
JAC_DO.0277,0,0,0,1,0,0
JAC_DO.0278,0,0,0,1,0,0
JAC_DO.0279,0,0,0,1,0,0
JAC_DO.0280,0,0,0,1,0,0
JAC_DO.0281,0,0,0,1,0,0
JAC_DO.0282,0,0,0,1,0,0
JAC_DO.0283,0,0,0,1,0,0
JAC_DO.0284,0,0,0,1,0,0
JAC_DO.0285,0,0,0,1,0,0
JAC_DO.0286,0,0,0,1,0,0
JAC_DO.0287,0,0,0,1,0,0
JAC_DO.0288,0,0,0,1,0,0
JAC_DO.0289,0,0,0,1,0,0
JAC_DO.0290,0,0,0,1,0,0
JAC_DO.0291,0,0,0,1,0,0
JAC_DO.0292,0,0,0,1,0,0
JAC_DO.0293,0,0,0,1,0,0
JAC_DO.0294,0,0,0,1,0,0
JAC_DO.0295,0,0,0,1,0,0
JAC_DO.0296,0,0,0,1,0,0
JAC_DO.0297,0,0,0,1,0,0
JAC_DO.0299,0,0,0,1,0,0
JAC_DO.0300,0,0,0,1,0,0
JAC_DO.0301,0,0,0,0,1,0
JAC_DO.0302,0,0,0,0,1,0
JAC_DO.0303,0,0,0,0,1,0
JAC_DO.0304,0,0,0,0,1,0
JAC_DO.0305,0,0,0,0,1,0
JAC_DO.0306,0,0,0,0,1,0
JAC_DO.0307,0,0,0,0,1,0
JAC_DO.0310,0,0,0,0,1,0
JAC_DO.0311,0,0,0,0,1,0
JAC_DO.0312,0,0,0,0,1,0
JAC_DO.0313,0,0,0,0,1,0
JAC_DO.0314,0,0,0,0,1,0
JAC_DO.0316,0,0,0,0,1,0
JAC_DO.0317,0,0,0,0,1,0
JAC_DO.0318,0,0,0,0,1,0
JAC_DO.0320,0,0,0,0,1,0
JAC_DO.0321,0,0,0,0,1,0
JAC_DO.0322,0,0,0,0,1,0
JAC_DO.0323,0,0,0,0,1,0
JAC_DO.0324,0,0,0,0,1,0
JAC_DO.0325,0,0,0,0,1,0
JAC_DO.0326,0,0,0,0,1,0
JAC_DO.0327,0,0,0,0,1,0
JAC_DO.0328,0,0,0,0,1,0
JAC_DO.0329,0,0,0,0,1,0
JAC_DO.0331,0,0,0,0,1,0
JAC_DO.0332,0,0,0,0,1,0
JAC_DO.0335,0,0,0,0,1,0
JAC_DO.0336,0,0,0,0,1,0
JAC_DO.0337,0,0,0,0,1,0
JAC_DO.0339,0,0,0,0,1,0
JAC_DO.0340,0,0,0,0,1,0
JAC_DO.0341,0,0,0,0,1,0
JAC_DO.0342,0,0,0,0,1,0
JAC_DO.0343,0,0,0,0,1,0
JAC_DO.0344,0,0,0,0,1,0
JAC_DO.0345,0,0,0,0,1,0
JAC_DO.0346,0,0,0,0,1,0
JAC_DO.0347,0,0,0,0,1,0
JAC_DO.0348,0,0,0,0,1,0
JAC_DO.0349,0,0,0,0,1,0
JAC_DO.0350,0,0,0,0,1,0
JAC_DO.0352,0,0,0,0,1,0
JAC_DO.0356,0,0,0,0,1,0
JAC_DO.0357,0,0,0,0,1,0
JAC_DO.0358,0,0,0,0,1,0
JAC_DO.0359,0,0,0,0,1,0
JAC_DO.0360,0,0,0,0,1,0
JAC_DO.0361,0,0,0,0,0,1
JAC_DO.0364,0,0,0,0,0,1
JAC_DO.0365,0,0,0,0,0,1
JAC_DO.0366,0,0,0,0,0,1
JAC_DO.0367,0,0,0,0,0,1
JAC_DO.0368,0,0,0,0,0,1
JAC_DO.0369,0,0,0,0,0,1
JAC_DO.0370,0,0,0,0,0,1
JAC_DO.0371,0,0,0,0,0,1
JAC_DO.0372,0,0,0,0,0,1
JAC_DO.0373,0,0,0,0,0,1
JAC_DO.0374,0,0,0,0,0,1
JAC_DO.0376,0,0,0,0,0,1
JAC_DO.0377,0,0,0,0,0,1
JAC_DO.0379,0,0,0,0,0,1
JAC_DO.0381,0,0,0,0,0,1
JAC_DO.0383,0,0,0,0,0,1
JAC_DO.0384,0,0,0,0,0,1
JAC_DO.0385,0,0,0,0,0,1
JAC_DO.0386,0,0,0,0,0,1
JAC_DO.0387,0,0,0,0,0,1
JAC_DO.0388,0,0,0,0,0,1
JAC_DO.0389,0,0,0,0,0,1
JAC_DO.0390,0,0,0,0,0,1
JAC_DO.0391,0,0,0,0,0,1
JAC_DO.0392,0,0,0,0,0,1
JAC_DO.0393,0,0,0,0,0,1
JAC_DO.0395,0,0,0,0,0,1
JAC_DO.0396,0,0,0,0,0,1
JAC_DO.0397,0,0,0,0,0,1
JAC_DO.0398,0,0,0,0,0,1
JAC_DO.0399,0,0,0,0,0,1
JAC_DO.0400,0,0,0,0,0,1
JAC_DO.0401,0,0,0,0,0,1
JAC_DO.0402,0,0,0,0,0,1
JAC_DO.0404,0,0,0,0,0,1
JAC_DO.0405,0,0,0,0,0,1
JAC_DO.0406,0,0,0,0,0,1
JAC_DO.0407,0,0,0,0,0,1
JAC_DO.0408,0,0,0,0,0,1
JAC_DO.0409,0,0,0,0,0,1
JAC_DO.0410,0,0,0,0,0,1
JAC_DO.0411,0,0,0,0,0,1
JAC_DO.0413,0,0,0,0,0,1
JAC_DO.0414,0,0,0,0,0,1
JAC_DO.0415,0,0,0,0,0,1
JAC_DO.0416,0,0,0,0,0,1
JAC_DO.0417,0,0,0,0,0,1
JAC_DO.0418,0,0,0,0,0,1
JAC_DO.0419,0,0,0,0,0,1
JAC_DO.0420,0,0,0,0,0,1
JAC_DO.0422,1,0,0,0,0,0
JAC_DO.0424,1,0,0,0,0,0
JAC_DO.0425,1,0,0,0,0,0
JAC_DO.0427,1,0,0,0,0,0
JAC_DO.0428,1,0,0,0,0,0
JAC_DO.0429,1,0,0,0,0,0
JAC_DO.0430,1,0,0,0,0,0
JAC_DO.0432,1,0,0,0,0,0
JAC_DO.0433,1,0,0,0,0,0
JAC_DO.0434,1,0,0,0,0,0
JAC_DO.0435,1,0,0,0,0,0
JAC_DO.0436,1,0,0,0,0,0
JAC_DO.0437,1,0,0,0,0,0
JAC_DO.0438,1,0,0,0,0,0
JAC_DO.0439,1,0,0,0,0,0
JAC_DO.0440,1,0,0,0,0,0
JAC_DO.0441,1,0,0,0,0,0
JAC_DO.0443,1,0,0,0,0,0
JAC_DO.0444,1,0,0,0,0,0
JAC_DO.0445,1,0,0,0,0,0
JAC_DO.0446,1,0,0,0,0,0
JAC_DO.0447,1,0,0,0,0,0
JAC_DO.0448,1,0,0,0,0,0
JAC_DO.0449,1,0,0,0,0,0
JAC_DO.0450,1,0,0,0,0,0
JAC_DO.0451,1,0,0,0,0,0
JAC_DO.0452,1,0,0,0,0,0
JAC_DO.0453,1,0,0,0,0,0
JAC_DO.0454,1,0,0,0,0,0
JAC_DO.0455,1,0,0,0,0,0
JAC_DO.0457,1,0,0,0,0,0
JAC_DO.0458,1,0,0,0,0,0
JAC_DO.0460,1,0,0,0,0,0
JAC_DO.0461,1,0,0,0,0,0
JAC_DO.0462,1,0,0,0,0,0
JAC_DO.0463,1,0,0,0,0,0
JAC_DO.0464,1,0,0,0,0,0
JAC_DO.0465,1,0,0,0,0,0
JAC_DO.0467,1,0,0,0,0,0
JAC_DO.0468,1,0,0,0,0,0
JAC_DO.0470,1,0,0,0,0,0
JAC_DO.0474,1,0,0,0,0,0
JAC_DO.0477,1,0,0,0,0,0
JAC_DO.0478,1,0,0,0,0,0
JAC_DO.0479,1,0,0,0,0,0
JAC_DO.0481,0,1,0,0,0,0
JAC_DO.0483,0,1,0,0,0,0
JAC_DO.0484,0,1,0,0,0,0
JAC_DO.0485,0,1,0,0,0,0
JAC_DO.0486,0,1,0,0,0,0
JAC_DO.0488,0,1,0,0,0,0
JAC_DO.0490,0,1,0,0,0,0
JAC_DO.0492,0,1,0,0,0,0
JAC_DO.0493,0,1,0,0,0,0
JAC_DO.0494,0,1,0,0,0,0
JAC_DO.0495,0,1,0,0,0,0
JAC_DO.0496,0,1,0,0,0,0
JAC_DO.0497,0,1,0,0,0,0
JAC_DO.0498,0,1,0,0,0,0
JAC_DO.0499,0,1,0,0,0,0
JAC_DO.0500,0,1,0,0,0,0
JAC_DO.0502,0,1,0,0,0,0
JAC_DO.0503,0,1,0,0,0,0
JAC_DO.0504,0,1,0,0,0,0
JAC_DO.0506,0,1,0,0,0,0
JAC_DO.0507,0,1,0,0,0,0
JAC_DO.0508,0,1,0,0,0,0
JAC_DO.0509,0,1,0,0,0,0
JAC_DO.0510,0,1,0,0,0,0
JAC_DO.0511,0,1,0,0,0,0
JAC_DO.0512,0,1,0,0,0,0
JAC_DO.0514,0,1,0,0,0,0
JAC_DO.0515,0,1,0,0,0,0
JAC_DO.0516,0,1,0,0,0,0
JAC_DO.0520,0,1,0,0,0,0
JAC_DO.0522,0,1,0,0,0,0
JAC_DO.0525,0,1,0,0,0,0
JAC_DO.0526,0,1,0,0,0,0
JAC_DO.0527,0,1,0,0,0,0
JAC_DO.0529,0,1,0,0,0,0
JAC_DO.0532,0,1,0,0,0,0
JAC_DO.0541,0,1,0,0,0,0
JAC_DO.0543,0,1,0,0,0,0
JAC_DO.0545,0,1,0,0,0,0
JAC_DO.0548,0,1,0,0,0,0
JAC_DO.0549,0,1,0,0,0,0
JAC_DO.0550,0,1,0,0,0,0
JAC_DO.0551,0,1,0,0,0,0
JAC_DO.0552,0,1,0,0,0,0
JAC_DO.0553,0,1,0,0,0,0
JAC_DO.0554,0,1,0,0,0,0
JAC_DO.0558,0,1,0,0,0,0
JAC_DO.0560,0,1,0,0,0,0
JAC_DO.0562,0,1,0,0,0,0
JAC_DO.0563,0,1,0,0,0,0
JAC_DO.0565,0,1,0,0,0,0
JAC_DO.0567,0,1,0,0,0,0
JAC_DO.0568,0,1,0,0,0,0
JAC_DO.0570,0,1,0,0,0,0
JAC_DO.0571,0,1,0,0,0,0
JAC_DO.0572,0,1,0,0,0,0
JAC_DO.0573,0,1,0,0,0,0
JAC_DO.0581,0,1,0,0,0,0
JAC_DO.0582,0,1,0,0,0,0
JAC_DO.0583,0,1,0,0,0,0
JAC_DO.0584,0,1,0,0,0,0
JAC_DO.0585,0,1,0,0,0,0
JAC_DO.0587,0,1,0,0,0,0
JAC_DO.0590,0,1,0,0,0,0
JAC_DO.0591,0,1,0,0,0,0
JAC_DO.0593,0,1,0,0,0,0
JAC_DO.0595,0,1,0,0,0,0
JAC_DO.0596,0,1,0,0,0,0
ELL_9376F10.01,0,0,1,0,0,0
ELL_9376F10.02,0,0,1,0,0,0
ELL_9376F10.03,0,0,1,0,0,0
ELL_9376F10.04,0,0,1,0,0,0
ELL_9376F10.05,0,0,1,0,0,0
ELL_9376F10.06,0,0,1,0,0,0
ELL_9376F10.07,0,0,1,0,0,0
ELL_9376F10.10,0,0,1,0,0,0
ELL_9376F10.12,0,0,1,0,0,0
ELL_9376F10.14,0,0,1,0,0,0
ELL_9376F10.15,0,0,1,0,0,0
ELL_9376F10.16,0,0,1,0,0,0
ELL_9376F10.17,0,0,1,0,0,0
ELL_9376F10.18,0,0,1,0,0,0
ELL_9376F10.19,0,0,1,0,0,0
ELL_9376F11.02,0,0,1,0,0,0
ELL_9376F11.03,0,0,1,0,0,0
ELL_9376F11.04,0,0,1,0,0,0
ELL_9376F11.06,0,0,1,0,0,0
ELL_9376F11.07,0,0,1,0,0,0
ELL_9376F11.09,0,0,1,0,0,0
ELL_9376F11.10,0,0,1,0,0,0
ELL_9376F11.12,0,0,1,0,0,0
ELL_9376F11.14,0,0,1,0,0,0
ELL_9376F11.15,0,0,1,0,0,0
ELL_9376F11.16,0,0,1,0,0,0
ELL_9376F11.18,0,0,1,0,0,0
ELL_9376F11.19,0,0,1,0,0,0
ELL_9376F11.20,0,0,1,0,0,0
ELL_9376F12.02,0,0,1,0,0,0
ELL_9376F12.03,0,0,1,0,0,0
ELL_9376F12.04,0,0,1,0,0,0
ELL_9376F12.05,0,0,1,0,0,0
ELL_9376F12.06,0,0,1,0,0,0
ELL_9376F12.07,0,0,1,0,0,0
ELL_9376F12.08,0,0,1,0,0,0
ELL_9376F12.10,0,0,1,0,0,0
ELL_9376F12.11,0,0,1,0,0,0
ELL_9376F12.12,0,0,1,0,0,0
ELL_9376F12.13,0,0,1,0,0,0
ELL_9376F12.14,0,0,1,0,0,0
ELL_9376F12.15,0,0,1,0,0,0
ELL_9376F12.16,0,0,1,0,0,0
ELL_9376F12.17,0,0,1,0,0,0
ELL_9376F13.01,0,0,1,0,0,0
ELL_9376F13.02,0,0,1,0,0,0
ELL_9376F13.03,0,0,1,0,0,0
ELL_9376F13.04,0,0,1,0,0,0
ELL_9376F13.05,0,0,1,0,0,0
ELL_9376F13.07,0,0,1,0,0,0
ELL_9376F13.11,0,0,1,0,0,0
ELL_9376F13.12,0,0,1,0,0,0
ELL_9376F13.15,0,0,1,0,0,0
ELL_9376F13.16,0,0,1,0,0,0
ELL_9376F13.18,0,0,1,0,0,0
ELL_9376F14.01,0,0,1,0,0,0
ELL_9376F14.02,0,0,1,0,0,0
ELL_9376F14.03,0,0,1,0,0,0
ELL_9376F14.04,0,0,1,0,0,0
ELL_9376F14.05,0,0,1,0,0,0
ELL_9376F14.06,0,0,1,0,0,0
ELL_9376F14.07,0,0,1,0,0,0
ELL_9376F14.08,0,0,1,0,0,0
ELL_9376F14.09,0,0,1,0,0,0
ELL_9376F14.10,0,0,1,0,0,0
ELL_9376F14.11,0,0,1,0,0,0
ELL_9376F14.12,0,0,1,0,0,0
ELL_9376F14.13,0,0,1,0,0,0
ELL_9376F14.14,0,0,1,0,0,0
ELL_9376F14.15,0,0,1,0,0,0
ELL_9376F14.16,0,0,1,0,0,0
ELL_9376F15.01,0,0,1,0,0,0
ELL_9376F15.02,0,0,1,0,0,0
ELL_9376F15.04,0,0,1,0,0,0
ELL_9376F15.05,0,0,1,0,0,0
ELL_9376F15.06,0,0,1,0,0,0
ELL_9376F15.07,0,0,1,0,0,0
ELL_9376F15.08,0,0,1,0,0,0
ELL_9376F15.10,0,0,1,0,0,0
ELL_9376F15.11,0,0,1,0,0,0
ELL_9376F15.13,0,0,1,0,0,0
ELL_9376F15.14,0,0,1,0,0,0
ELL_9376F15.15,0,0,1,0,0,0
ELL_9376F15.16,0,0,1,0,0,0
ELL_9376F15.18,0,0,1,0,0,0
ELL_9376F15.19,0,0,1,0,0,0
ELL_9376F15.20,0,0,1,0,0,0
ELL_9376F16.02,0,0,1,0,0,0
ELL_9376F16.04,0,0,1,0,0,0
ELL_9376F16.05,0,0,1,0,0,0
ELL_9376F16.07,0,0,1,0,0,0
ELL_9376F16.11,0,0,1,0,0,0
ELL_9376F16.12,0,0,1,0,0,0
ELL_9376F16.13,0,0,1,0,0,0
ELL_9376F16.14,0,0,1,0,0,0
ELL_9376F16.15,0,0,1,0,0,0
ELL_9376F16.16,0,0,1,0,0,0
ELL_9376F16.18,0,0,1,0,0,0
ELL_9376F16.19,0,0,1,0,0,0
ELL_9376F16.20,0,0,1,0,0,0
ELL_9376F17.01,0,0,0,1,0,0
ELL_9376F17.03,0,0,0,1,0,0
ELL_9376F17.04,0,0,0,1,0,0
ELL_9376F17.05,0,0,0,1,0,0
ELL_9376F17.06,0,0,0,1,0,0
ELL_9376F17.07,0,0,0,1,0,0
ELL_9376F17.08,0,0,0,1,0,0
ELL_9376F17.09,0,0,0,1,0,0
ELL_9376F17.11,0,0,0,1,0,0
ELL_9376F17.12,0,0,0,1,0,0
ELL_9376F17.13,0,0,0,1,0,0
ELL_9376F17.15,0,0,0,1,0,0
ELL_9376F17.16,0,0,0,1,0,0
ELL_9376F17.17,0,0,0,1,0,0
ELL_9376F17.19,0,0,0,1,0,0
ELL_9376F17.20,0,0,0,1,0,0
ELL_9376F.18.01,0,0,0,1,0,0
ELL_9376F.18.02,0,0,0,1,0,0
ELL_9376F.18.03,0,0,0,1,0,0
ELL_9376F.18.04,0,0,0,1,0,0
ELL_9376F.18.05,0,0,0,1,0,0
ELL_9376F.18.06,0,0,0,1,0,0
ELL_9376F.18.07,0,0,0,1,0,0
ELL_9376F.18.08,0,0,0,1,0,0
ELL_9376F.18.09,0,0,0,1,0,0
ELL_9376F.18.10,0,0,0,1,0,0
ELL_9376F.18.11,0,0,0,1,0,0
ELL_9376F.18.12,0,0,0,1,0,0
ELL_9376F.18.13,0,0,0,1,0,0
ELL_9376F19.02,0,0,0,1,0,0
ELL_9376F19.04,0,0,0,1,0,0
ELL_9376F19.05,0,0,0,1,0,0
ELL_9376F19.06,0,0,0,1,0,0
ELL_9376F19.07,0,0,0,1,0,0
ELL_9376F19.08,0,0,0,1,0,0
ELL_9376F19.09,0,0,0,1,0,0
ELL_9376F19.19,0,0,0,1,0,0
ELL_9376F20.01,0,0,0,1,0,0
ELL_9376F20.02,0,0,0,1,0,0
ELL_9376F20.03,0,0,0,1,0,0
ELL_9376F20.04,0,0,0,1,0,0
ELL_9376F20.05,0,0,0,1,0,0
ELL_9376F20.08,0,0,0,1,0,0
ELL_9376F20.09,0,0,0,1,0,0
ELL_9376F20.10,0,0,0,1,0,0
ELL_9376F20.11,0,0,0,1,0,0
ELL_9376F20.12,0,0,0,1,0,0
ELL_9376F20.13,0,0,0,1,0,0
ELL_9376F20.14,0,0,0,1,0,0
ELL_9376F20.15,0,0,0,1,0,0
ELL_9376F20.16,0,0,0,1,0,0
ELL_9376F20.17,0,0,0,1,0,0
ELL_9376F20.18,0,0,0,1,0,0
ELL_9376F20.19,0,0,0,1,0,0
ELL_9376F20.20,0,0,0,1,0,0
ELL_9376F21.01,0,0,0,1,0,0
ELL_9376F21.02,0,0,0,1,0,0
ELL_9376F21.03,0,0,0,1,0,0
ELL_9376F21.04,0,0,0,1,0,0
ELL_9376F21.05,0,0,0,1,0,0
ELL_9376F21.06,0,0,0,1,0,0
ELL_9376F21.07,0,0,0,1,0,0
ELL_9376F21.08,0,0,0,1,0,0
ELL_9376F21.09,0,0,0,1,0,0
ELL_9376F21.10,0,0,0,1,0,0
ELL_9376F21.11,0,0,0,1,0,0
ELL_9376F21.12,0,0,0,1,0,0
ELL_9376F21.13,0,0,0,1,0,0
ELL_9376F21.14,0,0,0,1,0,0
ELL_9376F21.15,0,0,0,1,0,0
ELL_9376F21.16,0,0,0,1,0,0
ELL_9376F21.17,0,0,0,1,0,0
ELL_9376F21.19,0,0,0,1,0,0
ELL_9376F21.20,0,0,0,1,0,0
ELL_9376F22.01,0,0,0,1,0,0
ELL_9376F22.02,0,0,0,1,0,0
ELL_9376F22.03,0,0,0,1,0,0
ELL_9376F22.05,0,0,0,1,0,0
ELL_9376F22.06,0,0,0,1,0,0
ELL_9376F22.10,0,0,0,1,0,0
ELL_9376F22.11,0,0,0,1,0,0
ELL_9376F22.12,0,0,0,1,0,0
ELL_9376F22.13,0,0,0,1,0,0
ELL_9376F22.14,0,0,0,1,0,0
ELL_9376F22.16,0,0,0,1,0,0
ELL_9376F22.17,0,0,0,1,0,0
ELL_9376F22.19,0,0,0,1,0,0
ELL_9376F22.20,0,0,0,1,0,0
ELL_9376F23.01,0,0,0,1,0,0
ELL_9376F23.02,0,0,0,1,0,0
ELL_9376F23.03,0,0,0,1,0,0
ELL_9376F23.04,0,0,0,1,0,0
ELL_9376F23.06,0,0,0,1,0,0
ELL_9376F23.07,0,0,0,1,0,0
ELL_9376F23.08,0,0,0,1,0,0
ELL_9376F23.09,0,0,0,1,0,0
ELL_9376F23.10,0,0,0,1,0,0
ELL_9376F23.12,0,0,0,1,0,0
ELL_9376F23.15,0,0,0,1,0,0
ELL_9376F23.16,0,0,0,1,0,0
ELL_9376F23.17,0,0,0,1,0,0
ELL_9376F23.18,0,0,0,1,0,0
ELL_9376F23.19,0,0,0,1,0,0
ELL_9376F24.01,0,0,0,1,0,0
ELL_9376F24.04,0,0,0,1,0,0
ELL_9376F24.05,0,0,0,1,0,0
ELL_9376F24.06,0,0,0,1,0,0
ELL_9376F24.08,0,0,0,1,0,0
ELL_9376F24.10,0,0,0,1,0,0
ELL_9376F24.11,0,0,0,1,0,0
ELL_9376F24.12,0,0,0,1,0,0
ELL_9376F24.13,0,0,0,1,0,0
ELL_9376F24.14,0,0,0,1,0,0
ELL_9376F24.15,0,0,0,1,0,0
ELL_9376F24.16,0,0,0,1,0,0
ELL_9376F24.17,0,0,0,1,0,0
ELL_9376F24.18,0,0,0,1,0,0
ELL_9376F24.19,0,0,0,1,0,0
ELL_9376F24.20,0,0,0,1,0,0
ELL_9376F25.02,0,0,0,1,0,0
ELL_9376F25.03,0,0,0,1,0,0
ELL_9376F25.04,0,0,0,1,0,0
ELL_9376F25.05,0,0,0,1,0,0
ELL_9376F25.06,0,0,0,1,0,0
ELL_9376F25.07,0,0,0,1,0,0
ELL_9376F25.10,0,0,0,1,0,0
ELL_9376F25.11,0,0,0,1,0,0
ELL_9376F25.12,0,0,0,1,0,0
ELL_9376F25.13,0,0,0,1,0,0
ELL_9376F25.15,0,0,0,1,0,0
ELL_9376F25.16,0,0,0,1,0,0
ELL_9376F25.17,0,0,0,1,0,0
ELL_9376F25.19,0,0,0,1,0,0
ELL_9376F25.20,0,0,0,1,0,0
ELL_9376F26.01,0,0,0,1,0,0
ELL_9376F26.03,0,0,0,1,0,0
ELL_9376F26.04,0,0,0,1,0,0
ELL_9376F26.06,0,0,0,1,0,0
ELL_9376F26.07,0,0,0,1,0,0
ELL_9376F26.09,0,0,0,1,0,0
ELL_9376F26.10,0,0,0,1,0,0
ELL_9376F26.11,0,0,0,1,0,0
ELL_9376F26.12,0,0,0,1,0,0
ELL_9376F26.13,0,0,0,1,0,0
ELL_9376F26.14,0,0,0,1,0,0
ELL_9376F26.16,0,0,0,1,0,0
ELL_9376F26.17,0,0,0,1,0,0
ELL_9376F26.19,0,0,0,1,0,0
ELL_9376F26.20,0,0,0,1,0,0
ELL_9376F27.01,0,0,0,1,0,0
ELL_9376F27.02,0,0,0,1,0,0
ELL_9376F27.03,0,0,0,1,0,0
ELL_9376F27.04,0,0,0,1,0,0
ELL_9376F27.06,0,0,0,1,0,0
ELL_9376F27.07,0,0,0,1,0,0
ELL_9376F27.08,0,0,0,1,0,0
ELL_9376F27.09,0,0,0,1,0,0
ELL_9376F27.10,0,0,0,1,0,0
ELL_9376F27.12,0,0,0,1,0,0
ELL_9376F27.13,0,0,0,1,0,0
ELL_9376F27.14,0,0,0,1,0,0
ELL_9376F27.15,0,0,0,1,0,0
ELL_9376F27.16,0,0,0,1,0,0
ELL_9376F27.17,0,0,0,1,0,0
ELL_9376F27.18,0,0,0,1,0,0
ELL_9376F27.19,0,0,0,1,0,0
ELL_9376F28.02,0,0,0,1,0,0
ELL_9376F28.03,0,0,0,1,0,0
ELL_9376F28.04,0,0,0,1,0,0
ELL_9376F28.05,0,0,0,1,0,0
ELL_9376F28.06,0,0,0,1,0,0
ELL_9376F28.07,0,0,0,1,0,0
ELL_9376F28.08,0,0,0,1,0,0
ELL_9376F28.09,0,0,0,1,0,0
ELL_9376F28.10,0,0,0,1,0,0
ELL_9376F28.12,0,0,0,1,0,0
ELL_9376F28.13,0,0,0,1,0,0
ELL_9376F28.14,0,0,0,1,0,0
ELL_9376F28.15,0,0,0,1,0,0
ELL_9376F28.17,0,0,0,1,0,0
ELL_9376F28.18,0,0,0,1,0,0
ELL_9376F28.19,0,0,0,1,0,0
ELL_9376F28.20,0,0,0,1,0,0
ELL_9376F29.01,0,0,0,1,0,0
ELL_9376F29.02,0,0,0,1,0,0
ELL_9376F29.03,0,0,0,1,0,0
ELL_9376F29.04,0,0,0,1,0,0
ELL_9376F29.05,0,0,0,1,0,0
ELL_9376F29.07,0,0,0,1,0,0
ELL_9376F29.08,0,0,0,1,0,0
ELL_9376F29.11,0,0,0,1,0,0
ELL_9376F29.12,0,0,0,1,0,0
ELL_9376F29.13,0,0,0,1,0,0
ELL_9376F29.16,0,0,0,1,0,0
ELL_9376F29.17,0,0,0,1,0,0
ELL_9376F29.20,0,0,0,1,0,0
ELL_9376F30.01,0,0,0,1,0,0
ELL_9376F30.02,0,0,0,1,0,0
ELL_9376F30.03,0,0,0,1,0,0
ELL_9376F30.04,0,0,0,1,0,0
ELL_9376F30.05,0,0,0,1,0,0
ELL_9376F30.06,0,0,0,1,0,0
ELL_9376F30.07,0,0,0,1,0,0
ELL_9376F30.08,0,0,0,1,0,0
ELL_9376F30.09,0,0,0,1,0,0
ELL_9376F30.10,0,0,0,1,0,0
ELL_9376F30.11,0,0,0,1,0,0
ELL_9376F30.12,0,0,0,1,0,0
ELL_9376F30.13,0,0,0,1,0,0
ELL_9376F30.14,0,0,0,1,0,0
ELL_9376F30.15,0,0,0,1,0,0
ELL_9376F30.16,0,0,0,1,0,0
ELL_9376F30.18,0,0,0,1,0,0
ELL_9376F30.19,0,0,0,1,0,0
ELL_9376F30.20,0,0,0,1,0,0
ELL_9376F31.01,0,0,0,1,0,0
ELL_9376F31.03,0,0,0,1,0,0
ELL_9376F31.04,0,0,0,1,0,0
ELL_9376F31.05,0,0,0,1,0,0
ELL_9376F31.06,0,0,0,1,0,0
ELL_9376F31.07,0,0,0,1,0,0
ELL_9376F31.08,0,0,0,1,0,0
ELL_9376F31.09,0,0,0,1,0,0
ELL_9376F31.10,0,0,0,1,0,0
ELL_9376F31.11,0,0,0,1,0,0
ELL_9376F31.13,0,0,0,1,0,0
ELL_9376F31.14,0,0,0,1,0,0
ELL_9376F31.15,0,0,0,1,0,0
ELL_9376F31.16,0,0,0,1,0,0
ELL_9376F31.17,0,0,0,1,0,0
ELL_9376F31.18,0,0,0,1,0,0
ELL_9376F31.20,0,0,0,1,0,0
ELL_9376F32.01,0,0,0,1,0,0
ELL_9376F32.03,0,0,0,1,0,0
ELL_9376F32.04,0,0,0,1,0,0
ELL_9376F32.05,0,0,0,1,0,0
ELL_9376F32.06,0,0,0,1,0,0
ELL_9376F32.07,0,0,0,1,0,0
ELL_9376F32.08,0,0,0,1,0,0
ELL_9376F32.10,0,0,0,1,0,0
ELL_9376F32.13,0,0,0,1,0,0
ELL_9376F32.14,0,0,0,1,0,0
ELL_9376F32.15,0,0,0,1,0,0
ELL_9376F32.16,0,0,0,1,0,0
ELL_9376F32.17,0,0,0,1,0,0
ELL_9376F32.19,0,0,0,1,0,0
ELL_9376F32.20,0,0,0,1,0,0
ELL_9376F33.01,0,0,0,0,1,0
ELL_9376F33.02,0,0,0,0,1,0
ELL_9376F33.04,0,0,0,0,1,0
ELL_9376F33.05,0,0,0,0,1,0
ELL_9376F33.06,0,0,0,0,1,0
ELL_9376F33.08,0,0,0,0,1,0
ELL_9376F33.09,0,0,0,0,1,0
ELL_9376F33.10,0,0,0,0,1,0
ELL_9376F33.11,0,0,0,0,1,0
ELL_9376F33.12,0,0,0,0,1,0
ELL_9376F33.13,0,0,0,0,1,0
ELL_9376F33.14,0,0,0,0,1,0
ELL_9376F33.15,0,0,0,0,1,0
ELL_9376F33.16,0,0,0,0,1,0
ELL_9376F33.19,0,0,0,0,1,0
ELL_9376F33.20,0,0,0,0,1,0
ELL_9376F34.02,0,0,0,0,1,0
ELL_9376F34.03,0,0,0,0,1,0
ELL_9376F34.04,0,0,0,0,1,0
ELL_9376F34.05,0,0,0,0,1,0
ELL_9376F34.06,0,0,0,0,1,0
ELL_9376F34.07,0,0,0,0,1,0
ELL_9376F34.08,0,0,0,0,1,0
ELL_9376F34.09,0,0,0,0,1,0
ELL_9376F34.10,0,0,0,0,1,0
ELL_9376F34.11,0,0,0,0,1,0
ELL_9376F34.12,0,0,0,0,1,0
ELL_9376F34.13,0,0,0,0,1,0
ELL_9376F34.14,0,0,0,0,1,0
ELL_9376F34.15,0,0,0,0,1,0
ELL_9376F34.16,0,0,0,0,1,0
ELL_9376F34.17,0,0,0,0,1,0
ELL_9376F34.19,0,0,0,0,1,0
ELL_9376F35.01,0,0,0,0,1,0
ELL_9376F35.02,0,0,0,0,1,0
ELL_9376F35.04,0,0,0,0,1,0
ELL_9376F35.05,0,0,0,0,1,0
ELL_9376F35.06,0,0,0,0,1,0
ELL_9376F35.07,0,0,0,0,1,0
ELL_9376F35.08,0,0,0,0,1,0
ELL_9376F35.09,0,0,0,0,1,0
ELL_9376F35.11,0,0,0,0,1,0
ELL_9376F35.12,0,0,0,0,1,0
ELL_9376F35.13,0,0,0,0,1,0
ELL_9376F35.14,0,0,0,0,1,0
ELL_9376F35.15,0,0,0,0,1,0
ELL_9376F35.16,0,0,0,0,1,0
ELL_9376F35.17,0,0,0,0,1,0
ELL_9376F35.18,0,0,0,0,1,0
ELL_9376F35.19,0,0,0,0,1,0
ELL_9376F35.20,0,0,0,0,1,0
ELL_9376F36.01,0,0,0,0,1,0
ELL_9376F36.02,0,0,0,0,1,0
ELL_9376F36.03,0,0,0,0,1,0
ELL_9376F36.04,0,0,0,0,1,0
ELL_9376F36.05,0,0,0,0,1,0
ELL_9376F36.06,0,0,0,0,1,0
ELL_9376F36.07,0,0,0,0,1,0
ELL_9376F36.08,0,0,0,0,1,0
ELL_9376F36.10,0,0,0,0,1,0
ELL_9376F36.11,0,0,0,0,1,0
ELL_9376F36.12,0,0,0,0,1,0
ELL_9376F36.13,0,0,0,0,1,0
ELL_9376F36.14,0,0,0,0,1,0
ELL_9376F36.15,0,0,0,0,1,0
ELL_9376F36.16,0,0,0,0,1,0
ELL_9376F36.17,0,0,0,0,1,0
ELL_9376F36.18,0,0,0,0,1,0
ELL_9376F36.19,0,0,0,0,1,0
ELL_9376F36.20,0,0,0,0,1,0
ELL_9376F37.01,0,0,0,0,1,0
ELL_9376F37.02,0,0,0,0,1,0
ELL_9376F37.03,0,0,0,0,1,0
ELL_9376F37.04,0,0,0,0,1,0
ELL_9376F37.05,0,0,0,0,1,0
ELL_9376F37.06,0,0,0,0,1,0
ELL_9376F37.08,0,0,0,0,1,0
ELL_9376F37.09,0,0,0,0,1,0
ELL_9376F37.10,0,0,0,0,1,0
ELL_9376F37.12,0,0,0,0,1,0
ELL_9376F37.14,0,0,0,0,1,0
ELL_9376F37.15,0,0,0,0,1,0
ELL_9376F37.17,0,0,0,0,1,0
ELL_9376F37.18,0,0,0,0,1,0
ELL_9376F37.19,0,0,0,0,1,0
ELL_9376F37.20,0,0,0,0,1,0
ELL_9376F38.01,0,0,0,0,1,0
ELL_9376F38.02,0,0,0,0,1,0
ELL_9376F38.04,0,0,0,0,1,0
ELL_9376F38.05,0,0,0,0,1,0
ELL_9376F38.06,0,0,0,0,1,0
ELL_9376F38.07,0,0,0,0,1,0
ELL_9376F38.08,0,0,0,0,1,0
ELL_9376F38.09,0,0,0,0,1,0
ELL_9376F38.10,0,0,0,0,1,0
ELL_9376F38.11,0,0,0,0,1,0
ELL_9376F38.12,0,0,0,0,1,0
ELL_9376F38.13,0,0,0,0,1,0
ELL_9376F38.14,0,0,0,0,1,0
ELL_9376F38.15,0,0,0,0,1,0
ELL_9376F38.16,0,0,0,0,1,0
ELL_9376F38.17,0,0,0,0,1,0
ELL_9376F38.18,0,0,0,0,1,0
ELL_9376F38.19,0,0,0,0,1,0
ELL_9376F38.20,0,0,0,0,1,0
ELL_9376F39.01,0,0,0,0,1,0
ELL_9376F39.02,0,0,0,0,1,0
ELL_9376F39.03,0,0,0,0,1,0
ELL_9376F39.04,0,0,0,0,1,0
ELL_9376F39.05,0,0,0,0,1,0
ELL_9376F39.06,0,0,0,0,1,0
ELL_9376F39.07,0,0,0,0,1,0
ELL_9376F39.08,0,0,0,0,1,0
ELL_9376F39.09,0,0,0,0,1,0
ELL_9376F39.10,0,0,0,0,1,0
ELL_9376F39.11,0,0,0,0,1,0
ELL_9376F39.12,0,0,0,0,1,0
ELL_9376F39.13,0,0,0,0,1,0
ELL_9376F39.14,0,0,0,0,1,0
ELL_9376F39.15,0,0,0,0,1,0
ELL_9376F39.16,0,0,0,0,1,0
ELL_9376F39.17,0,0,0,0,1,0
ELL_9376F39.18,0,0,0,0,1,0
ELL_9376F39.19,0,0,0,0,1,0
ELL_9376F39.20,0,0,0,0,1,0
ELL_9376F40.01,0,0,0,0,1,0
ELL_9376F40.02,0,0,0,0,1,0
ELL_9376F40.03,0,0,0,0,1,0
ELL_9376F40.04,0,0,0,0,1,0
ELL_9376F40.06,0,0,0,0,1,0
ELL_9376F40.07,0,0,0,0,1,0
ELL_9376F40.08,0,0,0,0,1,0
ELL_9376F40.09,0,0,0,0,1,0
ELL_9376F40.10,0,0,0,0,1,0
ELL_9376F40.11,0,0,0,0,1,0
ELL_9376F40.12,0,0,0,0,1,0
ELL_9376F40.13,0,0,0,0,1,0
ELL_9376F40.14,0,0,0,0,1,0
ELL_9376F40.15,0,0,0,0,1,0
ELL_9376F40.16,0,0,0,0,1,0
ELL_9376F40.17,0,0,0,0,1,0
ELL_9376F40.18,0,0,0,0,1,0
ELL_9376F40.19,0,0,0,0,1,0
ELL_9376F40.20,0,0,0,0,1,0
ELL_9376F41.02,0,0,0,0,1,0
ELL_9376F41.03,0,0,0,0,1,0
ELL_9376F41.04,0,0,0,0,1,0
ELL_9376F41.05,0,0,0,0,1,0
ELL_9376F41.06,0,0,0,0,1,0
ELL_9376F41.08,0,0,0,0,1,0
ELL_9376F41.09,0,0,0,0,1,0
ELL_9376F41.10,0,0,0,0,1,0
ELL_9376F41.11,0,0,0,0,1,0
ELL_9376F41.12,0,0,0,0,1,0
ELL_9376F41.14,0,0,0,0,1,0
ELL_9376F41.15,0,0,0,0,1,0
ELL_9376F41.16,0,0,0,0,1,0
ELL_9376F41.18,0,0,0,0,1,0
ELL_9376F41.19,0,0,0,0,1,0
ELL_9376F41.20,0,0,0,0,1,0
ELL_9376F42.01,0,0,0,0,1,0
ELL_9376F42.02,0,0,0,0,1,0
ELL_9376F42.03,0,0,0,0,1,0
ELL_9376F42.06,0,0,0,0,1,0
ELL_9376F42.07,0,0,0,0,1,0
ELL_9376F42.08,0,0,0,0,1,0
ELL_9376F42.10,0,0,0,0,1,0
ELL_9376F42.11,0,0,0,0,1,0
ELL_9376F42.12,0,0,0,0,1,0
ELL_9376F42.13,0,0,0,0,1,0
ELL_9376F42.14,0,0,0,0,1,0
ELL_9376F42.15,0,0,0,0,1,0
ELL_9376F42.16,0,0,0,0,1,0
ELL_9376F42.17,0,0,0,0,1,0
ELL_9376F42.18,0,0,0,0,1,0
ELL_9376F42.19,0,0,0,0,1,0
ELL_9376F42.20,0,0,0,0,1,0
ELL_9376F43.01,0,0,0,0,1,0
ELL_9376F43.02,0,0,0,0,1,0
ELL_9376F43.03,0,0,0,0,1,0
ELL_9376F43.04,0,0,0,0,1,0
ELL_9376F43.05,0,0,0,0,1,0
ELL_9376F43.06,0,0,0,0,1,0
ELL_9376F43.07,0,0,0,0,1,0
ELL_9376F43.08,0,0,0,0,1,0
ELL_9376F43.09,0,0,0,0,1,0
ELL_9376F43.10,0,0,0,0,1,0
ELL_9376F43.12,0,0,0,0,1,0
ELL_9376F43.13,0,0,0,0,1,0
ELL_9376F43.14,0,0,0,0,1,0
ELL_9376F43.15,0,0,0,0,1,0
ELL_9376F43.16,0,0,0,0,1,0
ELL_9376F43.18,0,0,0,0,1,0
ELL_9376F43.19,0,0,0,0,1,0
ELL_9376F43.20,0,0,0,0,1,0
ELL_9376F44.01,0,0,0,0,1,0
ELL_9376F44.02,0,0,0,0,1,0
ELL_9376F44.04,0,0,0,0,1,0
ELL_9376F44.05,0,0,0,0,1,0
ELL_9376F44.07,0,0,0,0,1,0
ELL_9376F44.08,0,0,0,0,1,0
ELL_9376F44.11,0,0,0,0,1,0
ELL_9376F44.12,0,0,0,0,1,0
ELL_9376F44.13,0,0,0,0,1,0
ELL_9376F44.14,0,0,0,0,1,0
ELL_9376F44.15,0,0,0,0,1,0
ELL_9376F44.16,0,0,0,0,1,0
ELL_9376F44.17,0,0,0,0,1,0
ELL_9376F44.18,0,0,0,0,1,0
ELL_9376F44.19,0,0,0,0,1,0
ELL_9376F44.20,0,0,0,0,1,0
ELL_9376F45.01,0,0,0,0,1,0
ELL_9376F45.02,0,0,0,0,1,0
ELL_9376F45.03,0,0,0,0,1,0
ELL_9376F45.04,0,0,0,0,1,0
ELL_9376F45.05,0,0,0,0,1,0
ELL_9376F45.06,0,0,0,0,1,0
ELL_9376F45.08,0,0,0,0,1,0
ELL_9376F45.09,0,0,0,0,1,0
ELL_9376F45.10,0,0,0,0,1,0
ELL_9376F45.11,0,0,0,0,1,0
ELL_9376F45.13,0,0,0,0,1,0
ELL_9376F45.14,0,0,0,0,1,0
ELL_9376F45.15,0,0,0,0,1,0
ELL_9376F45.16,0,0,0,0,1,0
ELL_9376F45.17,0,0,0,0,1,0
ELL_9376F45.18,0,0,0,0,1,0
ELL_9376F45.19,0,0,0,0,1,0
ELL_9376F45.20,0,0,0,0,1,0
ELL_9376F46.01,0,0,0,0,1,0
ELL_9376F46.02,0,0,0,0,1,0
ELL_9376F46.03,0,0,0,0,1,0
ELL_9376F46.05,0,0,0,0,1,0
ELL_9376F46.06,0,0,0,0,1,0
ELL_9376F46.07,0,0,0,0,1,0
ELL_9376F46.08,0,0,0,0,1,0
ELL_9376F46.09,0,0,0,0,1,0
ELL_9376F46.10,0,0,0,0,1,0
ELL_9376F46.11,0,0,0,0,1,0
ELL_9376F46.12,0,0,0,0,1,0
ELL_9376F46.13,0,0,0,0,1,0
ELL_9376F46.14,0,0,0,0,1,0
ELL_9376F46.15,0,0,0,0,1,0
ELL_9376F46.16,0,0,0,0,1,0
ELL_9376F46.17,0,0,0,0,1,0
ELL_9376F46.18,0,0,0,0,1,0
ELL_9376F46.19,0,0,0,0,1,0
ELL_9376F46.20,0,0,0,0,1,0
ELL_9376F47.02,0,0,0,0,1,0
ELL_9376F47.03,0,0,0,0,1,0
ELL_9376F47.04,0,0,0,0,1,0
ELL_9376F47.05,0,0,0,0,1,0
ELL_9376F47.06,0,0,0,0,1,0
ELL_9376F47.07,0,0,0,0,1,0
ELL_9376F47.08,0,0,0,0,1,0
ELL_9376F47.09,0,0,0,0,1,0
ELL_9376F47.10,0,0,0,0,1,0
ELL_9376F47.11,0,0,0,0,1,0
ELL_9376F47.13,0,0,0,0,1,0
ELL_9376F47.14,0,0,0,0,1,0
ELL_9376F47.15,0,0,0,0,1,0
ELL_9376F47.16,0,0,0,0,1,0
ELL_9376F47.17,0,0,0,0,1,0
ELL_9376F47.18,0,0,0,0,1,0
ELL_9376F47.19,0,0,0,0,1,0
ELL_9376F47.20,0,0,0,0,1,0
ELL_9376F48.01,0,0,0,0,1,0
ELL_9376F48.03,0,0,0,0,1,0
ELL_9376F48.04,0,0,0,0,1,0
ELL_9376F48.05,0,0,0,0,1,0
ELL_9376F48.07,0,0,0,0,1,0
ELL_9376F48.08,0,0,0,0,1,0
ELL_9376F48.09,0,0,0,0,1,0
ELL_9376F48.10,0,0,0,0,1,0
ELL_9376F48.11,0,0,0,0,1,0
ELL_9376F48.20,0,0,0,0,1,0
DEH_5.1,0,0,0,1,0,0
DEH_5.2,0,0,0,1,0,0
DEH_5.3,0,0,0,1,0,0
DEH_32.1,0,0,0,1,0,0
DEH_32.2,0,0,0,1,0,0
DEH_32.3,0,0,0,1,0,0
DEH_34.1,0,0,0,1,0,0
DEH_34.2,0,0,0,1,0,0
DEH_35.1,0,0,0,1,0,0
DEH_35.3,0,0,0,1,0,0
DEH_51.1,0,0,0,1,0,0
DEH_51.2,0,0,0,1,0,0
DEH_51.3,0,0,0,1,0,0
DEH_67.1,0,0,0,1,0,0
DEH_67.2,0,0,0,1,0,0
DEH_69.1,0,0,0,1,0,0
DEH_69.2,0,0,0,1,0,0
DEH_69.3,0,0,0,1,0,0
DEH_91.1,0,0,0,1,0,0
DEH_91.3,0,0,0,1,0,0
DEH_93.1,0,0,0,1,0,0
DEH_93.2,0,0,0,1,0,0
DEH_93.3,0,0,0,1,0,0
DEH_128.1,0,0,0,1,0,0
DEH_128.2,0,0,0,1,0,0
DEH_128.3,0,0,0,1,0,0
DEH_43.1,0,0,0,1,0,0
DEH_43.3,0,0,0,1,0,0
DEH_52.1,0,0,0,1,0,0
DEH_52.3,0,0,0,1,0,0
DEH_61.1,0,0,0,1,0,0
DEH_61.2,0,0,0,1,0,0
DEH_61.3,0,0,0,1,0,0
DEH_63.1,0,0,0,1,0,0
DEH_63.2,0,0,0,1,0,0
DEH_68.1,0,0,0,1,0,0
DEH_68.2,0,0,0,1,0,0
DEH_68.3,0,0,0,1,0,0
DEH_64.1,0,0,0,1,0,0
DEH_64.2,0,0,0,1,0,0
DEH_29.1,0,0,0,1,0,0
DEH_29.3,0,0,0,1,0,0
DEH_33.1,0,0,0,1,0,0
DEH_33.2,0,0,0,1,0,0
DEH_33.3,0,0,0,1,0,0
DEH_49.1,0,0,0,1,0,0
DEH_49.3,0,0,0,1,0,0
DEH_99.1,0,0,0,1,0,0
DEH_99.2,0,0,0,1,0,0
DEH_99.3,0,0,0,1,0,0
DEH_15.1,0,0,0,1,0,0
DEH_15.2,0,0,0,1,0,0
DEH_15.3,0,0,0,1,0,0
DEH_23.1,0,0,0,1,0,0
DEH_23.3,0,0,0,1,0,0
DEH_30.1,0,0,0,1,0,0
DEH_30.2,0,0,0,1,0,0
DEH_36.1,0,0,0,1,0,0
DEH_56.1,0,0,0,1,0,0
DEH_56.2,0,0,0,1,0,0
DEH_57.1,0,0,0,1,0,0
DEH_57.2,0,0,0,1,0,0
DEH_57.3,0,0,0,1,0,0
DEH_58.1,0,0,0,1,0,0
DEH_58.2,0,0,0,1,0,0
DEH_58.3,0,0,0,1,0,0
DEH_59.1,0,0,0,1,0,0
DEH_59.2,0,0,0,1,0,0
DEH_65.1,0,0,0,1,0,0
DEH_65.2,0,0,0,1,0,0
DEH_65.3,0,0,0,1,0,0
DEH_66.1,0,0,0,1,0,0
DEH_9.1,0,0,0,1,0,0
DEH_9.2,0,0,0,1,0,0
DEH_18.1,0,0,0,1,0,0
DEH_18.2,0,0,0,1,0,0
DEH_18.3,0,0,0,1,0,0
DEH_28.1,0,0,0,1,0,0
DEH_28.2,0,0,0,1,0,0
DEH_28.3,0,0,0,1,0,0
DEH_31.1,0,0,0,1,0,0
DEH_31.2,0,0,0,1,0,0
DEH_31.3,0,0,0,1,0,0
DEH_41.1,0,0,0,1,0,0
DEH_41.2,0,0,0,1,0,0
DEH_41.3,0,0,0,1,0,0
DEH_45.1,0,0,0,1,0,0
DEH_45.2,0,0,0,1,0,0
DEH_45.3,0,0,0,1,0,0
DEH_47.1,0,0,0,1,0,0
DEH_47.2,0,0,0,1,0,0
DEH_47.3,0,0,0,1,0,0
DEH_71.1,0,0,0,1,0,0
DEH_71.2,0,0,0,1,0,0
DEH_71.3,0,0,0,1,0,0
DEH_83.1,0,0,0,1,0,0
DEH_83.2,0,0,0,1,0,0
DEH_123.1,0,0,0,1,0,0
DEH_123.2,0,0,0,1,0,0
DEH_127.1,0,0,0,1,0,0
DEH_127.2,0,0,0,1,0,0
DEH_127.3,0,0,0,1,0,0
DEH_130.1,0,0,0,1,0,0
DEH_130.2,0,0,0,1,0,0
DEH_130.3,0,0,0,1,0,0
DEH_131.1,0,0,0,1,0,0
DEH_131.2,0,0,0,1,0,0
DEH_134.1,0,0,0,1,0,0
DEH_149.2,0,0,0,1,0,0
DEH_149.3,0,0,0,1,0,0
DEH_6.2,0,0,0,1,0,0
DEH_6.3,0,0,0,1,0,0
DEH_19.1,0,0,0,1,0,0
DEH_20.3,0,0,0,1,0,0
DEH_20.6,0,0,0,1,0,0
DEH_25.2,0,0,0,1,0,0
DEH_25.3,0,0,0,1,0,0
DEH_26.2,0,0,0,1,0,0
DEH_87.2,0,0,0,1,0,0
DEH_87.3,0,0,0,1,0,0
DEH_88.2,0,0,0,1,0,0
DEH_88.3,0,0,0,1,0,0
DEH_92.2,0,0,0,1,0,0
DEH_92.3,0,0,0,1,0,0
DEH_94.2,0,0,0,1,0,0
DEH_94.3,0,0,0,1,0,0
DEH_100.2,0,0,0,1,0,0
DEH_100.3,0,0,0,1,0,0
DEH_102.2,0,0,0,1,0,0
DEH_102.3,0,0,0,1,0,0
DEH_118.2,0,0,0,1,0,0
DEH_122.2,0,0,0,1,0,0
DEH_122.3,0,0,0,1,0,0
DEH_135.2,0,0,0,1,0,0
DEH_135.3,0,0,0,1,0,0
DEH_138.2,0,0,0,1,0,0
DEH_143.2,0,0,0,1,0,0
DEH_143.3,0,0,0,1,0,0
DEH_7.2,0,0,0,1,0,0
DEH_7.3,0,0,0,1,0,0
DEH_8.2,0,0,0,1,0,0
DEH_8.3,0,0,0,1,0,0
DEH_17.2,0,0,0,1,0,0
DEH_17.3,0,0,0,1,0,0
DEH_24.2,0,0,0,1,0,0
DEH_24.3,0,0,0,1,0,0
DEH_38.1,0,0,0,1,0,0
DEH_48.1,0,0,0,1,0,0
DEH_48.2,0,0,0,1,0,0
DEH_48.3,0,0,0,1,0,0
DEH_74.1,0,0,0,1,0,0
DEH_74.2,0,0,0,1,0,0
DEH_74.3,0,0,0,1,0,0
DEH_75.1,0,0,0,1,0,0
DEH_75.2,0,0,0,1,0,0
DEH_75.3,0,0,0,1,0,0
DEH_76.1,0,0,0,1,0,0
DEH_76.2,0,0,0,1,0,0
DEH_76.3,0,0,0,1,0,0
DEH_77.1,0,0,0,1,0,0
DEH_77.2,0,0,0,1,0,0
DEH_77.3,0,0,0,1,0,0
DEH_78.1,0,0,0,1,0,0
DEH_78.2,0,0,0,1,0,0
DEH_78.3,0,0,0,1,0,0
DEH_84.1,0,0,0,1,0,0
DEH_84.2,0,0,0,1,0,0
DEH_84.3,0,0,0,1,0,0
DEH_105.1,0,0,0,1,0,0
DEH_113.1,0,0,0,1,0,0
DEH_113.2,0,0,0,1,0,0
DEH_113.3,0,0,0,1,0,0
DEH_114.1,0,0,0,1,0,0
DEH_114.2,0,0,0,1,0,0
DEH_114.3,0,0,0,1,0,0
DEH_22.2,0,0,0,1,0,0
DEH_46.2,0,0,0,1,0,0
DEH_46.3,0,0,0,1,0,0
DEH_62.1,0,0,0,1,0,0
DEH_62.2,0,0,0,1,0,0
DEH_70.1,0,0,0,1,0,0
DEH_70.2,0,0,0,1,0,0
DEH_70.3,0,0,0,1,0,0
DEH_82.1,0,0,0,1,0,0
DEH_82.2,0,0,0,1,0,0
DEH_82.3,0,0,0,1,0,0
DEH_85.1,0,0,0,1,0,0
DEH_85.2,0,0,0,1,0,0
DEH_85.3,0,0,0,1,0,0
DEH_95.1,0,0,0,1,0,0
DEH_95.2,0,0,0,1,0,0
DEH_95.3,0,0,0,1,0,0
DEH_96.1,0,0,0,1,0,0
DEH_96.2,0,0,0,1,0,0
DEH_96.3,0,0,0,1,0,0
DEH_107.1,0,0,0,1,0,0
DEH_107.2,0,0,0,1,0,0
DEH_107.3,0,0,0,1,0,0
DEH_1.1,0,0,0,1,0,0
DEH_1.2,0,0,0,1,0,0
DEH_1.3,0,0,0,1,0,0
DEH_132.1,0,0,0,1,0,0
DEH_132.2,0,0,0,1,0,0
DEH_132.3,0,0,0,1,0,0
DEH_120.1,0,0,0,1,0,0
DEH_120.2,0,0,0,1,0,0
DEH_120.3,0,0,0,1,0,0
DEH_110.1,0,0,0,1,0,0
DEH_16.1,0,0,0,1,0,0
DEH_11.1,0,0,0,1,0,0
DEH_11.2,0,0,0,1,0,0
DEH_11.3,0,0,0,1,0,0
DEH_12.1,0,0,0,1,0,0
DEH_81.1,0,0,0,1,0,0
DEH_81.2,0,0,0,1,0,0
DEH_81.3,0,0,0,1,0,0
DEH_97.1,0,0,0,1,0,0
DEH_97.2,0,0,0,1,0,0
DEH_97.3,0,0,0,1,0,0
DEH_98.1,0,0,0,1,0,0
DEH_98.2,0,0,0,1,0,0
DEH_98.3,0,0,0,1,0,0
DEH_164.1,0,0,0,1,0,0
DEH_164.2,0,0,0,1,0,0
DEH_164.3,0,0,0,1,0,0
DEH_3.1,0,0,0,1,0,0
DEH_3.2,0,0,0,1,0,0
DEH_79.1,0,0,0,1,0,0
DEH_79.2,0,0,0,1,0,0
DEH_103.1,0,0,0,1,0,0
DEH_103.2,0,0,0,1,0,0
DEH_103.3,0,0,0,1,0,0
DEH_104.1,0,0,0,1,0,0
DEH_104.2,0,0,0,1,0,0
DEH_104.3,0,0,0,1,0,0
DEH_39.1,0,0,0,1,0,0
DEH_39.2,0,0,0,1,0,0
DEH_40.1,0,0,0,1,0,0
DEH_40.2,0,0,0,1,0,0
DEH_40.3,0,0,0,1,0,0
DEH_50.1,0,0,0,1,0,0
DEH_50.2,0,0,0,1,0,0
DEH_50.3,0,0,0,1,0,0
DEH_89.1,0,0,0,1,0,0
DEH_89.2,0,0,0,1,0,0
DEH_89.3,0,0,0,1,0,0
DEH_106.1,0,0,0,1,0,0
DEH_106.2,0,0,0,1,0,0
DEH_106.3,0,0,0,1,0,0
DEH_111.1,0,0,0,1,0,0
DEH_111.2,0,0,0,1,0,0
DEH_111.3,0,0,0,1,0,0
DEH_112.1,0,0,0,1,0,0
DEH_112.2,0,0,0,1,0,0
DEH_112.3,0,0,0,1,0,0
DEH_144.1,0,0,0,1,0,0
DEH_144.2,0,0,0,1,0,0
DEH_144.3,0,0,0,1,0,0
DEH_147.1,0,0,0,1,0,0
DEH_147.2,0,0,0,1,0,0
DEH_147.3,0,0,0,1,0,0
DEH_157.1,0,0,0,1,0,0
DEH_157.2,0,0,0,1,0,0
DEH_157.3,0,0,0,1,0,0
DEH_108.1,0,0,0,1,0,0
DEH_44.2,0,0,0,1,0,0
DEH_44.3,0,0,0,1,0,0
DEH_101.2,0,0,0,1,0,0
DEH_101.3,0,0,0,1,0,0
DEH_108.2,0,0,0,1,0,0
DEH_108.3,0,0,0,1,0,0
DEH_124.1,0,0,0,1,0,0
DEH_124.2,0,0,0,1,0,0
DEH_124.3,0,0,0,1,0,0
DEH_140.1,0,0,0,1,0,0
DEH_140.3,0,0,0,1,0,0
DEH_150.1,0,0,0,1,0,0
DEH_150.2,0,0,0,1,0,0
DEH_150.3,0,0,0,1,0,0
DEH_153.1,0,0,0,1,0,0
DEH_153.3,0,0,0,1,0,0
DEH_154.1,0,0,0,1,0,0
DEH_154.3,0,0,0,1,0,0
DEH_156.1,0,0,0,1,0,0
DEH_156.2,0,0,0,1,0,0
DEH_156.3,0,0,0,1,0,0
DEH_117.1,0,0,0,1,0,0
DEH_117.2,0,0,0,1,0,0
DEH_117.3,0,0,0,1,0,0
DEH_129.1,0,0,0,1,0,0
DEH_129.3,0,0,0,1,0,0
DEH_141.1,0,0,0,1,0,0
DEH_141.2,0,0,0,1,0,0
DEH_145.1,0,0,0,1,0,0
DEH_145.2,0,0,0,1,0,0
DEH_145.3,0,0,0,1,0,0
DEH_2.3,0,0,0,1,0,0
DEH_2.4,0,0,0,1,0,0
DEH_37.1,0,0,0,1,0,0
DEH_37.3,0,0,0,1,0,0
DEH_151.1,0,0,0,1,0,0
DEH_151.3,0,0,0,1,0,0
DEH_90.1,0,0,0,1,0,0
DEH_90.3,0,0,0,1,0,0
DEH_115.1,0,0,0,1,0,0
DEH_115.2,0,0,0,1,0,0
DEH_115.3,0,0,0,1,0,0
DEH_116.1,0,0,0,1,0,0
DEH_116.2,0,0,0,1,0,0
DEH_116.3,0,0,0,1,0,0
DEH_167.1,0,0,0,1,0,0
DEH_167.2,0,0,0,1,0,0
DEH_167.3,0,0,0,1,0,0
DEH_55.1,0,0,0,1,0,0
DEH_55.2,0,0,0,1,0,0
DEH_55.3,0,0,0,1,0,0
DEH_55.6,0,0,0,1,0,0
DEH_55.7,0,0,0,1,0,0
DEH_55.8,0,0,0,1,0,0
DEH_73.1,0,0,0,1,0,0
DEH_73.2,0,0,0,1,0,0
DEH_73.3,0,0,0,1,0,0
DEH_34.3,0,0,0,1,0,0
DEH_67.3,0,0,0,1,0,0
DEH_43.6,0,0,0,1,0,0
DEH_43.7,0,0,0,1,0,0
DEH_43.8,0,0,0,1,0,0
DEH_54.1,0,0,0,1,0,0
DEH_54.2,0,0,0,1,0,0
DEH_125.1,0,0,0,1,0,0
DEH_125.2,0,0,0,1,0,0
DEH_125.3,0,0,0,1,0,0
DEH_4.1,0,0,0,1,0,0
DEH_4.2,0,0,0,1,0,0
DEH_4.3,0,0,0,1,0,0
DEH_72.1,0,0,0,1,0,0
DEH_72.2,0,0,0,1,0,0
DEH_72.3,0,0,0,1,0,0
DEH_142.1,0,0,0,1,0,0
DEH_142.2,0,0,0,1,0,0
DEH_142.3,0,0,0,1,0,0
DEH_159.1,0,0,0,1,0,0
DEH_159.3,0,0,0,1,0,0
DEH_160.1,0,0,0,1,0,0
DEH_160.2,0,0,0,1,0,0
DEH_160.3,0,0,0,1,0,0
DEH_159.5,0,0,0,1,0,0
DEH_159.7,0,0,0,1,0,0
DEH_159.8,0,0,0,1,0,0
DEH_63.6,0,0,0,1,0,0
DEH_63.7,0,0,0,1,0,0
DEH_63.8,0,0,0,1,0,0
DEH_35.6,0,0,0,1,0,0
DEH_35.7,0,0,0,1,0,0
DEH_35.8,0,0,0,1,0,0
DEH_10.1,0,0,0,1,0,0
DEH_10.2,0,0,0,1,0,0
DEH_10.3,0,0,0,1,0,0
DEH_148.1,0,0,0,1,0,0
DEH_148.2,0,0,0,1,0,0
DEH_148.3,0,0,0,1,0,0
DEH_139.1,0,0,0,1,0,0
DEH_139.2,0,0,0,1,0,0
DEH_139.3,0,0,0,1,0,0
DEH_9.3,0,0,0,1,0,0
DEH_59.3,0,0,0,1,0,0
DEH_123.3,0,0,0,1,0,0
DEH_66.2,0,0,0,1,0,0
DEH_66.3,0,0,0,1,0,0
DEH_30.3,0,0,0,1,0,0
DEH_123.6,0,0,0,1,0,0
DEH_123.7,0,0,0,1,0,0
DEH_123.8,0,0,0,1,0,0
DEH_118.3,0,0,0,1,0,0
DEH_26.3,0,0,0,1,0,0
DEH_5.6,0,0,0,1,0,0
DEH_5.7,0,0,0,1,0,0
DEH_5.8,0,0,0,1,0,0
DEH_69.8,0,0,0,1,0,0
DEH_13.1,0,0,0,1,0,0
DEH_13.2,0,0,0,1,0,0
DEH_13.3,0,0,0,1,0,0
DEH_60.1,0,0,0,1,0,0
DEH_60.2,0,0,0,1,0,0
DEH_60.3,0,0,0,1,0,0
DEH_133.1,0,0,0,1,0,0
DEH_133.2,0,0,0,1,0,0
DEH_133.3,0,0,0,1,0,0
DEH_161.1,0,0,0,1,0,0
DEH_161.2,0,0,0,1,0,0
DEH_161.3,0,0,0,1,0,0
DEH_166.1,0,0,0,1,0,0
DEH_166.2,0,0,0,1,0,0
DEH_166.3,0,0,0,1,0,0
DEH_19.2,0,0,0,1,0,0
DEH_19.3,0,0,0,1,0,0
DEH_25.6,0,0,0,1,0,0
DEH_36.2,0,0,0,1,0,0
DEH_36.3,0,0,0,1,0,0
DEH_56.3,0,0,0,1,0,0
DEH_86.1,0,0,0,1,0,0
DEH_86.2,0,0,0,1,0,0
DEH_86.3,0,0,0,1,0,0
DEH_80.1,0,0,0,1,0,0
DEH_80.2,0,0,0,1,0,0
DEH_80.3,0,0,0,1,0,0
DEH_14.1,0,0,0,1,0,0
DEH_14.2,0,0,0,1,0,0
DEH_14.3,0,0,0,1,0,0
DEH_136.1,0,0,0,1,0,0
DEH_146.1,0,0,0,0,1,0
DEH_146.2,0,0,0,0,1,0
DEH_146.3,0,0,0,0,1,0
DEH_155.1,0,0,0,0,1,0
DEH_155.2,0,0,0,0,1,0
DEH_155.3,0,0,0,0,1,0
DEH_138.3,0,0,0,1,0,0
DEH_22.3,0,0,0,1,0,0
DEH_22.5,0,0,0,1,0,0
DEH_100.6,0,0,0,1,0,0
DEH_135.6,0,0,0,1,0,0
DEH_7.6,0,0,0,1,0,0
DEH_7.7,0,0,0,1,0,0
DEH_7.8,0,0,0,1,0,0
DEH_7.9,0,0,0,1,0,0
DEH_8.6,0,0,0,1,0,0
DEH_17.6,0,0,0,1,0,0
DEH_8.7,0,0,0,1,0,0
DEH_8.8,0,0,0,1,0,0
DEH_8.9,0,0,0,1,0,0
DEH_17.7,0,0,0,1,0,0
DEH_17.8,0,0,0,1,0,0
DEH_17.9,0,0,0,1,0,0
DEH_87.6,0,0,0,1,0,0
DEH_88.6,0,0,0,1,0,0
DEH_88.7,0,0,0,1,0,0
DEH_88.8,0,0,0,1,0,0
DEH_102.4,0,0,0,1,0,0
DEH_102.6,0,0,0,1,0,0
DEH_102.8,0,0,0,1,0,0
DEH_102.9,0,0,0,1,0,0
DEH_140.6,0,0,0,1,0,0
DEH_140.7,0,0,0,1,0,0
DEH_140.8,0,0,0,1,0,0
DEH_130.6,0,0,0,1,0,0
DEH_130.7,0,0,0,1,0,0
DEH_130.8,0,0,0,1,0,0
DEH_122.6,0,0,0,1,0,0
DEH_122.7,0,0,0,1,0,0
DEH_122.8,0,0,0,1,0,0
DEH_15.6,0,0,0,1,0,0
DEH_15.7,0,0,0,1,0,0
DEH_15.8,0,0,0,1,0,0
DEH_20.7,0,0,0,1,0,0
DEH_20.8,0,0,0,1,0,0
DEH_20.9,0,0,0,1,0,0
DEH_22.1,0,0,0,1,0,0
DEH_147.6,0,0,0,1,0,0
DEH_147.7,0,0,0,1,0,0
DEH_147.8,0,0,0,1,0,0
DEH_149.6,0,0,0,1,0,0
DEH_149.7,0,0,0,1,0,0
DEH_149.8,0,0,0,1,0,0
DEH_149.9,0,0,0,1,0,0
DEH_92.6,0,0,0,1,0,0
DEH_92.7,0,0,0,1,0,0
DEH_92.8,0,0,0,1,0,0
DEH_18.6,0,0,0,1,0,0
DEH_18.7,0,0,0,1,0,0
DEH_18.8,0,0,0,1,0,0
DEH_23.6,0,0,0,1,0,0
DEH_23.7,0,0,0,1,0,0
DEH_23.8,0,0,0,1,0,0
DEH_45.6,0,0,0,1,0,0
DEH_45.7,0,0,0,1,0,0
DEH_45.8,0,0,0,1,0,0
DEH_46.6,0,0,0,1,0,0
DEH_46.7,0,0,0,1,0,0
DEH_46.8,0,0,0,1,0,0
DEH_107.6,0,0,0,1,0,0
DEH_107.7,0,0,0,1,0,0
DEH_107.8,0,0,0,1,0,0
DEH_57.6,0,0,0,1,0,0
DEH_57.7,0,0,0,1,0,0
DEH_31.6,0,0,0,1,0,0
DEH_31.7,0,0,0,1,0,0
DEH_31.8,0,0,0,1,0,0
DEH_32.6,0,0,0,1,0,0
DEH_32.7,0,0,0,1,0,0
DEH_32.8,0,0,0,1,0,0
DEH_110.2,0,0,0,1,0,0
DEH_79.3,0,0,0,1,0,0
DEH_3.3,0,0,0,1,0,0
DEH_39.3,0,0,0,0,1,0
DEH_105.2,0,0,0,1,0,0
DEH_105.3,0,0,0,1,0,0
DEH_138.5,0,0,0,1,0,0
DEH_108.5,0,0,0,0,1,0
DEH_126.1,0,0,0,0,1,0
DEH_92.5,0,0,0,0,1,0
DEH_94.5,0,0,0,0,1,0
DEH_158.1,0,0,0,0,1,0
DEH_158.2,0,0,0,0,1,0
DEH_158.3,0,0,0,0,1,0
DEH_162.1,0,0,0,0,1,0
DEH_162.2,0,0,0,0,1,0
DEH_162.3,0,0,0,0,1,0
DEH_163.1,0,0,0,0,1,0
DEH_163.3,0,0,0,0,1,0
DEH_165.1,0,0,0,0,1,0
DEH_27.1,0,0,0,0,1,0
DEH_27.2,0,0,0,0,1,0
DEH_27.3,0,0,0,0,1,0
DEH_119.1,0,0,0,0,1,0
DEH_119.2,0,0,0,0,1,0
DEH_119.3,0,0,0,0,1,0
DEH_28.4,0,0,0,0,1,0
DEH_28.5,0,0,0,0,1,0
DEH_28.6,0,0,0,0,1,0
DEH_42.1,0,0,0,0,1,0
DEH_26.4,0,0,0,0,1,0
DEH_85.6,0,0,0,0,1,0
DEH_85.7,0,0,0,0,1,0
DEH_85.8,0,0,0,0,1,0
DEH_38.2,0,0,0,0,1,0
DEH_38.3,0,0,0,0,1,0
DEH_38.4,0,0,0,0,1,0
DEH_38.5,0,0,0,0,1,0
DEH_38.6,0,0,0,0,1,0
DEH_41.4,0,0,0,0,1,0
DEH_41.5,0,0,0,0,1,0
DEH_41.6,0,0,0,0,1,0
DEH_54.3,0,0,0,0,1,0
DEH_54.4,0,0,0,0,1,0
DEH_54.5,0,0,0,0,1,0
DEH_54.6,0,0,0,0,1,0
DEH_4.4,0,0,0,0,1,0
DEH_4.5,0,0,0,0,1,0
DEH_4.6,0,0,0,0,1,0
DEH_118.4,0,0,0,0,1,0
DEH_141.3,0,0,0,0,1,0
DEH_131.3,0,0,0,0,1,0
DEH_136.2,0,0,0,0,1,0
DEH_121.1,0,0,0,0,1,0
DEH_121.2,0,0,0,0,1,0
DEH_121.3,0,0,0,0,1,0
DEH_57.4,0,0,0,0,1,0
DEH_88.4,0,0,0,0,1,0
DEH_6.4,0,0,0,0,1,0
DEH_16.2,0,0,0,0,1,0
DEH_16.3,0,0,0,0,1,0
DEH_12.2,0,0,0,0,1,0
DEH_62.3,0,0,0,0,1,0
DEH_9.4,0,0,0,0,1,0
DEH_9.5,0,0,0,0,1,0
DEH_9.6,0,0,0,0,1,0
DEH_10.7,0,0,0,0,1,0
DEH_10.8,0,0,0,0,1,0
DEH_10.9,0,0,0,0,1,0
DEH_146.4,0,0,0,0,1,0
DEH_146.5,0,0,0,0,1,0
DEH_146.6,0,0,0,0,1,0
DEH_148.4,0,0,0,0,1,0
DEH_148.5,0,0,0,0,1,0
DEH_148.6,0,0,0,0,1,0
DEH_150.7,0,0,0,0,1,0
DEH_150.8,0,0,0,0,1,0
DEH_150.9,0,0,0,0,1,0
DEH_151.4,0,0,0,0,1,0
DEH_151.5,0,0,0,0,1,0
DEH_151.6,0,0,0,0,1,0
DEH_143.7,0,0,0,0,1,0
DEH_101.5,0,0,0,0,1,0
DEH_101.6,0,0,0,0,1,0
DEH_101.7,0,0,0,0,1,0
DEH_101.8,0,0,0,0,1,0
DEH_162.4,0,0,0,0,1,0
DEH_162.5,0,0,0,0,1,0
DEH_162.6,0,0,0,0,1,0
DEH_161.4,0,0,0,0,1,0
DEH_161.5,0,0,0,0,1,0
DEH_161.6,0,0,0,0,1,0
DEH_36.6,0,0,0,0,1,0
DEH_36.7,0,0,0,0,1,0
DEH_36.8,0,0,0,0,1,0
DEH_66.4,0,0,0,0,1,0
DEH_66.5,0,0,0,0,1,0
DEH_66.6,0,0,0,0,1,0
DEH_1.4,0,0,0,0,1,0
DEH_1.5,0,0,0,0,1,0
DEH_51.6,0,0,0,0,1,0
DEH_51.7,0,0,0,0,1,0
DEH_51.8,0,0,0,0,1,0
DEH_91.6,0,0,0,0,1,0
DEH_91.7,0,0,0,0,1,0
DEH_91.8,0,0,0,0,1,0
DEH_96.7,0,0,0,0,1,0
DEH_96.8,0,0,0,0,1,0
DEH_96.9,0,0,0,0,1,0
DEH_109.1,0,0,0,0,1,0
DEH_109.2,0,0,0,0,1,0
DEH_109.3,0,0,0,0,1,0
DEH_110.3,0,0,0,0,1,0
DEH_119.5,0,0,0,0,1,0
DEH_19.7,0,0,0,0,1,0
DEH_119.7,0,0,0,0,1,0
DEH_80.6,0,0,0,0,1,0
DEH_80.7,0,0,0,0,1,0
DEH_80.8,0,0,0,0,1,0
DEH_90.6,0,0,0,0,1,0
DEH_90.7,0,0,0,0,1,0
DEH_90.8,0,0,0,0,1,0
DEH_47.6,0,0,0,0,1,0
DEH_47.7,0,0,0,0,1,0
DEH_47.8,0,0,0,0,1,0
DEH_70.6,0,0,0,0,1,0
DEH_70.7,0,0,0,0,1,0
DEH_70.8,0,0,0,0,1,0
DEH_83.6,0,0,0,0,1,0
DEH_83.7,0,0,0,0,1,0
DEH_83.8,0,0,0,0,1,0
DEH_112.4,0,0,0,0,1,0
DEH_112.5,0,0,0,0,1,0
DEH_112.6,0,0,0,0,1,0
DEH_37.4,0,0,0,0,1,0
DEH_37.5,0,0,0,0,1,0
DEH_37.6,0,0,0,0,1,0
DEH_103.4,0,0,0,0,1,0
DEH_103.6,0,0,0,0,1,0
DEH_35.4,0,0,0,0,1,0
DEH_35.5,0,0,0,0,1,0
DEH_35.9,0,0,0,0,1,0
DEH_138.7,0,0,0,0,1,0
DEH_138.9,0,0,0,0,1,0
DEH_131.4,0,0,0,0,1,0
DEH_131.5,0,0,0,0,1,0
DEH_131.6,0,0,0,0,1,0
DEH_87.7,0,0,0,0,1,0
DEH_87.8,0,0,0,0,1,0
DEH_87.9,0,0,0,0,1,0
DEH_144.4,0,0,0,0,1,0
DEH_144.5,0,0,0,0,1,0
DEH_144.6,0,0,0,0,1,0
DEH_14.5,0,0,0,0,1,0
DEH_14.6,0,0,0,0,1,0
DEH_14.7,0,0,0,0,1,0
DEH_158.4,0,0,0,0,1,0
DEH_158.5,0,0,0,0,1,0
DEH_160.4,0,0,0,0,1,0
DEH_160.5,0,0,0,0,1,0
DEH_155.4,0,0,0,0,1,0
DEH_155.5,0,0,0,0,1,0
DEH_155.6,0,0,0,0,1,0
DEH_166.4,0,0,0,0,1,0
DEH_166.5,0,0,0,0,1,0
DEH_166.6,0,0,0,0,1,0
DEH_116.4,0,0,0,0,1,0
DEH_116.5,0,0,0,0,1,0
DEH_116.6,0,0,0,0,1,0
DEH_120.7,0,0,0,0,1,0
DEH_120.8,0,0,0,0,1,0
DEH_120.9,0,0,0,0,1,0
DEH_145.4,0,0,0,0,1,0
DEH_145.5,0,0,0,0,1,0
DEH_145.6,0,0,0,0,1,0
DEH_75.7,0,0,0,0,1,0
DEH_75.8,0,0,0,0,1,0
DEH_75.9,0,0,0,0,1,0
DEH_40.6,0,0,0,0,1,0
DEH_40.7,0,0,0,0,1,0
DEH_40.8,0,0,0,0,1,0
DEH_98.4,0,0,0,0,1,0
DEH_98.5,0,0,0,0,1,0
DEH_98.6,0,0,0,0,1,0
DEH_129.4,0,0,0,0,1,0
DEH_129.5,0,0,0,0,1,0
DEH_129.6,0,0,0,0,1,0
DEH_142.4,0,0,0,0,1,0
DEH_142.5,0,0,0,0,1,0
DEH_154.6,0,0,0,0,1,0
DEH_154.7,0,0,0,0,1,0
DEH_154.8,0,0,0,0,1,0
DEH_136.3,0,0,0,0,1,0
DEH_135.7,0,0,0,0,1,0
DEH_135.8,0,0,0,0,1,0
DEH_135.9,0,0,0,0,1,0
DEH_55.4,0,0,0,0,1,0
DEH_55.5,0,0,0,0,1,0
DEH_55.9,0,0,0,0,1,0
DEH_59.4,0,0,0,0,1,0
DEH_123.4,0,0,0,0,1,0
DEH_123.5,0,0,0,0,1,0
DEH_126.2,0,0,0,0,1,0
DEH_126.3,0,0,0,0,1,0
DEH_97.8,0,0,0,0,1,0
DEH_97.9,0,0,0,0,1,0
DEH_97.10,0,0,0,0,1,0
DEH_63.4,0,0,0,0,1,0
DEH_63.5,0,0,0,0,1,0
DEH_63.9,0,0,0,0,1,0
DEH_64.4,0,0,0,0,1,0
DEH_64.5,0,0,0,0,1,0
DEH_74.6,0,0,0,0,1,0
DEH_74.7,0,0,0,0,1,0
DEH_79.6,0,0,0,0,1,0
DEH_79.7,0,0,0,0,1,0
DEH_79.8,0,0,0,0,1,0
DEH_132.6,0,0,0,0,1,0
DEH_132.7,0,0,0,0,1,0
DEH_132.8,0,0,0,0,1,0
DEH_106.4,0,0,0,0,1,0
DEH_106.5,0,0,0,0,1,0
DEH_106.6,0,0,0,0,1,0
DEH_82.4,0,0,0,0,1,0
DEH_82.5,0,0,0,0,1,0
DEH_82.6,0,0,0,0,1,0
DEH_22.6,0,0,0,0,1,0
DEH_22.7,0,0,0,0,1,0
DEH_22.8,0,0,0,0,1,0
DEH_28.7,0,0,0,0,1,0
DEH_28.8,0,0,0,0,1,0
DEH_42.2,0,0,0,0,1,0
DEH_43.9,0,0,0,0,1,0
DEH_43.10,0,0,0,0,1,0
DEH_6.5,0,0,0,0,1,0
DEH_6.6,0,0,0,0,1,0
DEH_6.7,0,0,0,0,1,0
DEH_61.4,0,0,0,0,1,0
DEH_61.5,0,0,0,0,1,0
DEH_157.4,0,0,0,0,1,0
DEH_157.5,0,0,0,0,1,0
DEH_157.6,0,0,0,0,1,0
DEH_49.5,0,0,0,0,1,0
DEH_49.6,0,0,0,0,1,0
DEH_52.4,0,0,0,0,1,0
DEH_52.5,0,0,0,0,1,0
DEH_52.6,0,0,0,0,1,0
DEH_124.6,0,0,0,0,1,0
DEH_124.7,0,0,0,0,1,0
DEH_12.3,0,0,0,0,1,0
DEH_12.4,0,0,0,0,1,0
DEH_12.5,0,0,0,0,1,0
DEH_12.6,0,0,0,0,1,0
DEH_67.6,0,0,0,0,1,0
DEH_67.7,0,0,0,0,1,0
DEH_67.8,0,0,0,0,1,0
DEH_163.4,0,0,0,0,1,0
DEH_163.5,0,0,0,0,1,0
DEH_163.6,0,0,0,0,1,0
DEH_165.2,0,0,0,0,1,0
DEH_165.3,0,0,0,0,1,0
DEH_115.4,0,0,0,0,1,0
DEH_133.4,0,0,0,0,1,0
DEH_133.5,0,0,0,0,1,0
DEH_139.4,0,0,0,0,1,0
DEH_139.5,0,0,0,0,1,0
DEH_139.6,0,0,0,0,1,0
DEH_30.4,0,0,0,0,1,0
DEH_39.6,0,0,0,0,1,0
DEH_39.7,0,0,0,0,1,0
DEH_39.8,0,0,0,0,1,0
DEH_68.6,0,0,0,0,1,0
DEH_68.7,0,0,0,0,1,0
DEH_68.8,0,0,0,0,1,0
DEH_85.9,0,0,0,0,1,0
DEH_85.10,0,0,0,0,1,0
DEH_85.11,0,0,0,0,1,0
DEH_16.4,0,0,0,0,1,0
DEH_16.5,0,0,0,0,1,0
DEH_16.6,0,0,0,0,1,0
DEH_143.8,0,0,0,0,1,0
DEH_143.9,0,0,0,0,1,0
DEH_143.10,0,0,0,0,1,0
DEH_143.11,0,0,0,0,1,0
DEH_117.4,0,0,0,0,1,0
DEH_117.5,0,0,0,0,1,0
DEH_117.6,0,0,0,0,1,0
DEH_113.6,0,0,0,0,1,0
DEH_60.4,0,0,0,0,1,0
DEH_60.5,0,0,0,0,1,0
DEH_60.6,0,0,0,0,1,0
DEH_78.7,0,0,0,0,1,0
DEH_78.8,0,0,0,0,1,0
DEH_78.9,0,0,0,0,1,0
DEH_69.4,0,0,0,0,1,0
DEH_81.6,0,0,0,0,1,0
DEH_81.7,0,0,0,0,1,0
DEH_81.8,0,0,0,0,1,0
DEH_93.6,0,0,0,0,1,0
DEH_93.7,0,0,0,0,1,0
DEH_93.8,0,0,0,0,1,0
DEH_94.6,0,0,0,0,1,0
DEH_94.7,0,0,0,0,1,0
DEH_94.8,0,0,0,0,1,0
DEH_99.5,0,0,0,0,1,0
DEH_99.6,0,0,0,0,1,0
DEH_99.7,0,0,0,0,1,0
DEH_71.7,0,0,0,0,1,0
DEH_71.8,0,0,0,0,1,0
DEH_71.9,0,0,0,0,1,0
DEH_152.1,0,0,0,0,1,0
DEH_152.2,0,0,0,0,1,0
DEH_118.5,0,0,0,0,1,0
DEH_118.6,0,0,0,0,1,0
DEH_13.4,0,0,0,0,1,0
DEH_13.5,0,0,0,0,1,0
DEH_108.6,0,0,0,0,1,0
DEH_108.7,0,0,0,0,1,0
DEH_108.8,0,0,0,0,1,0
DEH_159.4,0,0,0,0,1,0
DEH_159.6,0,0,0,0,1,0
DEH_160.6,0,0,0,0,1,0
DEH_128.7,0,0,0,0,1,0
DEH_128.8,0,0,0,0,1,0
DEH_128.9,0,0,0,0,1,0
DEH_29.7,0,0,0,0,1,0
DEH_29.8,0,0,0,0,1,0
DEH_29.9,0,0,0,0,1,0
DEH_127.8,0,0,0,0,1,0
DEH_127.9,0,0,0,0,1,0
DEH_100.7,0,0,0,0,1,0
DEH_100.8,0,0,0,0,1,0
DEH_19.8,0,0,0,0,1,0
DEH_26.5,0,0,0,0,1,0
DEH_38.7,0,0,0,0,1,0
DEH_38.8,0,0,0,0,1,0
DEH_38.9,0,0,0,0,1,0
DEH_53.1,0,0,0,0,1,0
DEH_53.3,0,0,0,0,1,0
DEH_56.7,0,0,0,0,1,0
DEH_56.8,0,0,0,0,1,0
DEH_56.9,0,0,0,0,1,0
DEH_72.4,0,0,0,0,1,0
DEH_72.5,0,0,0,0,1,0
DEH_72.6,0,0,0,0,1,0
DEH_110.4,0,0,0,0,1,0
DEH_110.5,0,0,0,0,1,0
DEH_110.6,0,0,0,0,1,0
DEH_121.4,0,0,0,0,1,0
DEH_121.5,0,0,0,0,1,0
DEH_121.6,0,0,0,0,1,0
DEH_105.4,0,0,0,0,1,0
DEH_105.6,0,0,0,0,1,0
DEH_65.4,0,0,0,0,1,0
DEH_65.5,0,0,0,0,1,0
DEH_65.6,0,0,0,0,1,0
DEH_73.4,0,0,0,0,1,0
DEH_73.5,0,0,0,0,1,0
DEH_73.6,0,0,0,0,1,0
DEH_89.4,0,0,0,0,1,0
DEH_89.5,0,0,0,0,1,0
DEH_89.6,0,0,0,0,1,0
DEH_34.4,0,0,0,0,1,0
DEH_34.5,0,0,0,0,1,0
DEH_34.6,0,0,0,0,1,0
DEH_158.6,0,0,0,0,1,0
DEH_142.6,0,0,0,0,1,0
DEH_4.7,0,0,0,0,1,0
DEH_4.8,0,0,0,0,1,0
DEH_4.9,0,0,0,0,1,0
DEH_30.6,0,0,0,0,1,0
DEH_42.3,0,0,0,0,1,0
DEH_43.11,0,0,0,0,1,0
DEH_54.7,0,0,0,0,1,0
DEH_59.5,0,0,0,0,1,0
DEH_64.6,0,0,0,0,1,0
DEH_123.9,0,0,0,0,1,0
DEH_61.7,0,0,0,0,1,0
DEH_50.4,0,0,0,0,1,0
DEH_50.5,0,0,0,0,1,0
DEH_50.6,0,0,0,0,1,0
DEH_104.4,0,0,0,0,1,0
DEH_104.5,0,0,0,0,1,0
DEH_2.5,0,0,0,0,1,0
DEH_2.6,0,0,0,0,1,0
DEH_20.2,0,0,0,0,1,0
DEH_54.9,0,0,0,0,1,0
DEH_59.6,0,0,0,0,1,0
DEH_124.8,0,0,0,0,1,0
DEH_118.7,0,0,0,0,1,0
DEH_77.6,0,0,0,0,1,0
DEH_77.7,0,0,0,0,1,0
DEH_133.6,0,0,0,0,1,0
DEH_141.4,0,0,0,0,1,0
DEH_95.4,0,0,0,0,1,0
DEH_95.5,0,0,0,0,1,0
DEH_95.6,0,0,0,0,1,0
DEH_100.5,0,0,0,0,1,0
DEH_113.7,0,0,0,0,1,0
DEH_164.6,0,0,0,0,1,0
DEH_152.3,0,0,0,0,1,0
DEH_159.9,0,0,0,0,1,0
DEH_153.6,0,0,0,0,1,0
DEH_153.7,0,0,0,0,1,0
DEH_153.8,0,0,0,0,1,0
DEH_41.7,0,0,0,0,1,0
DEH_41.8,0,0,0,0,1,0
DEH_5.9,0,0,0,0,1,0
DEH_5.10,0,0,0,0,1,0
DEH_5.11,0,0,0,0,1,0
DEH_109.4,0,0,0,0,1,0
DEH_109.5,0,0,0,0,1,0
DEH_109.6,0,0,0,0,1,0
DEH_11.4,0,0,0,0,1,0
DEH_104.6,0,0,0,0,1,0
DEH_114.8,0,0,0,0,1,0
DEH_125.4,0,0,0,0,1,0
DEH_125.5,0,0,0,0,1,0
DEH_125.6,0,0,0,0,1,0
DEH_74.8,0,0,0,0,1,0
DEH_53.4,0,0,0,0,1,0
DEH_53.5,0,0,0,0,1,0
DEH_84.4,0,0,0,0,1,0
DEH_33.6,0,0,0,0,1,0
DEH_33.7,0,0,0,0,1,0
DEH_33.8,0,0,0,0,1,0
DEH_126.4,0,0,0,0,1,0
DEH_42.4,0,0,0,0,1,0
DEH_42.5,0,0,0,0,1,0
DEH_42.6,0,0,0,0,1,0
DEH_77.8,0,0,0,0,1,0
DEH_18.4,0,0,0,0,1,0
DEH_18.5,0,0,0,0,1,0
DEH_18.9,0,0,0,0,1,0
DEH_162.7,0,0,0,0,1,0
DEH_162.8,0,0,0,0,1,0
DEH_162.9,0,0,0,0,1,0
DEH_101.9,0,0,0,0,1,0
DEH_101.10,0,0,0,0,1,0
DEH_101.11,0,0,0,0,1,0
DEH_119.8,0,0,0,0,1,0
DEH_119.9,0,0,0,0,1,0
DEH_119.10,0,0,0,0,1,0
DEH_99.8,0,0,0,0,1,0
DEH_99.9,0,0,0,0,1,0
DEH_99.10,0,0,0,0,1,0
DEH_88.5,0,0,0,0,1,0
DEH_88.9,0,0,0,0,1,0
DEH_88.10,0,0,0,0,1,0
DEH_94.9,0,0,0,0,1,0
DEH_94.10,0,0,0,0,1,0
DEH_94.11,0,0,0,0,1,0
DEH_49.7,0,0,0,0,1,0
DEH_49.8,0,0,0,0,1,0
DEH_49.9,0,0,0,0,1,0
DEH_49.10,0,0,0,0,1,0
DEH_57.8,0,0,0,0,1,0
DEH_57.9,0,0,0,0,1,0
DEH_57.10,0,0,0,0,1,0
DEH_26.6,0,0,0,0,1,0
DEH_26.7,0,0,0,0,1,0
DEH_19.9,0,0,0,0,1,0
DEH_2.1,0,0,0,0,1,0
DEH_34.7,0,0,0,0,1,0
DEH_34.8,0,0,0,0,1,0
DEH_34.9,0,0,0,0,1,0
DEH_166.7,0,0,0,0,1,0
DEH_166.8,0,0,0,0,1,0
DEH_166.9,0,0,0,0,1,0
DEH_156.6,0,0,0,0,1,0
DEH_156.7,0,0,0,0,1,0
DEH_160.7,0,0,0,0,1,0
DEH_160.8,0,0,0,0,1,0
DEH_160.9,0,0,0,0,1,0
DEH_115.6,0,0,0,0,1,0
DEH_53.6,0,0,0,0,1,0
DEH_84.5,0,0,0,0,1,0
DEH_84.6,0,0,0,0,1,0
DEH_74.9,0,0,0,0,1,0
DEH_74.10,0,0,0,0,1,0
DEH_74.11,0,0,0,0,1,0
DEH_127.11,0,0,0,0,1,0
DEH_127.12,0,0,0,0,1,0
DEH_124.9,0,0,0,0,1,0
DEH_124.10,0,0,0,0,1,0
DEH_124.11,0,0,0,0,1,0
DEH_14.8,0,0,0,0,1,0
DEH_14.9,0,0,0,0,1,0
DEH_14.10,0,0,0,0,1,0
DEH_30.7,0,0,0,0,1,0
DEH_30.8,0,0,0,0,1,0
DEH_30.9,0,0,0,0,1,0
DEH_59.7,0,0,0,0,1,0
DEH_59.8,0,0,0,0,1,0
DEH_59.9,0,0,0,0,1,0
DEH_152.4,0,0,0,0,1,0
DEH_152.5,0,0,0,0,1,0
DEH_152.6,0,0,0,0,1,0
DEH_126.5,0,0,0,0,1,0
DEH_136.4,0,0,0,0,1,0
DEH_47.9,0,0,0,0,1,0
DEH_47.10,0,0,0,0,1,0
DEH_47.11,0,0,0,0,1,0
DEH_11.5,0,0,0,0,1,0
DEH_11.6,0,0,0,0,1,0
DEH_164.7,0,0,0,0,1,0
DEH_164.8,0,0,0,0,1,0
DEH_27.4,0,0,0,0,1,0
DEH_27.5,0,0,0,0,1,0
DEH_142.7,0,0,0,0,1,0
DEH_75.5,0,0,0,0,1,0
DEH_75.10,0,0,0,0,1,0
DEH_46.4,0,0,0,0,1,0
DEH_46.5,0,0,0,0,1,0
DEH_68.9,0,0,0,0,1,0
DEH_120.10,0,0,0,0,1,0
DEH_144.7,0,0,0,0,1,0
DEH_78.10,0,0,0,0,1,0
DEH_45.9,0,0,0,0,1,0
